,Player,HID,p_throws,batter,pitch_type,AB,H,AVG,SwStr%,wOBA,OPS,ISO,EV,Air Hard%,BIP,Brl%,Hard%,GB%,LD%,FB%,K%,BB%,1B,2B,3B,HR,Game,Team,Opp,Spot
0,Steven Kwan,680757,L,680757,CH,27.0,4.0,0.148,0.064,0.14122222222222222,0.333,0.037000000000000005,83.07391304347826,0.25,23,0.0,0.217,0.652,0.087,0.261,0.148,0.0,3,1,0,0,CLE@CWS,CLE,CWS,1
1,Steven Kwan,680757,L,680757,CU,33.0,12.0,0.364,0.022,0.33382352941176463,0.776,0.030000000000000027,83.12258064516129,0.231,31,0.0,0.194,0.548,0.226,0.194,0.059,0.029,11,1,0,0,CLE@CWS,CLE,CWS,1
2,Steven Kwan,680757,L,680757,FC,43.0,11.0,0.256,0.06,0.2584565217391304,0.577,0.02300000000000002,82.93181818181819,0.087,44,0.0,0.068,0.386,0.295,0.227,0.0,0.064,10,1,0,0,CLE@CWS,CLE,CWS,1
3,Steven Kwan,680757,L,680757,FF,196.0,54.0,0.276,0.026,0.34341666666666665,0.747,0.07099999999999995,84.28797814207651,0.146,183,0.011,0.153,0.366,0.284,0.24,0.073,0.163,44,8,0,2,CLE@CWS,CLE,CWS,1
5,Steven Kwan,680757,L,680757,SI,230.0,69.0,0.3,0.021,0.3391274131274131,0.773,0.09600000000000003,83.85721153846154,0.269,208,0.019,0.231,0.524,0.288,0.159,0.088,0.104,55,10,0,4,CLE@CWS,CLE,CWS,1
8,Steven Kwan,680757,L,680757,SV,4.0,2.0,0.5,0.097,0.5599999999999999,1.35,0.25,84.5,0.0,3,0.0,0.0,0.0,0.667,0.333,0.2,0.2,1,1,0,0,CLE@CWS,CLE,CWS,1
9,Jose Ramirez,608070,L,608070,CH,133.0,47.0,0.353,0.105,0.42132857142857133,1.007,0.271,90.52966101694915,0.542,118,0.093,0.483,0.432,0.271,0.229,0.113,0.05,28,10,1,8,CLE@CWS,CLE,CWS,2
10,Jose Ramirez,608070,L,608070,CU,44.0,12.0,0.273,0.068,0.3450816326530612,0.795,0.182,90.9560975609756,0.632,41,0.049,0.463,0.512,0.268,0.195,0.08,0.06,8,2,0,2,CLE@CWS,CLE,CWS,2
11,Jose Ramirez,608070,L,608070,FC,68.0,21.0,0.309,0.083,0.37737681159420294,0.902,0.27899999999999997,90.88983050847457,0.69,59,0.102,0.542,0.322,0.322,0.169,0.143,0.014,10,7,0,4,CLE@CWS,CLE,CWS,2
12,Jose Ramirez,608070,L,608070,FF,206.0,55.0,0.267,0.058,0.33405479452054787,0.786,0.21399999999999997,91.68762886597939,0.444,194,0.072,0.412,0.268,0.242,0.314,0.072,0.058,33,11,0,11,CLE@CWS,CLE,CWS,2
16,Jose Ramirez,608070,L,608070,SI,100.0,28.0,0.28,0.034,0.32783653846153843,0.775,0.18999999999999995,94.6188888888889,0.5,90,0.078,0.5,0.467,0.189,0.278,0.105,0.038,19,4,0,5,CLE@CWS,CLE,CWS,2
19,Jose Ramirez,608070,L,608070,SV,3.0,0.0,0.0,0.048,0.17425,0.25,0.0,94.26666666666667,0.0,3,0.0,0.333,0.333,0.0,0.667,0.0,0.25,0,0,0,0,CLE@CWS,CLE,CWS,2
20,Chase DeLauter,800050,L,800050,CH,10.0,1.0,0.1,0.147,0.08549999999999999,0.2,0.0,87.14999999999999,0.0,6,0.0,0.167,0.833,0.167,0.0,0.4,0.0,1,0,0,0,CLE@CWS,CLE,CWS,3
21,Chase DeLauter,800050,L,800050,CU,9.0,1.0,0.111,0.118,0.095,0.222,0.0,80.34,0.0,5,0.0,0.0,0.4,0.4,0.2,0.444,0.0,1,0,0,0,CLE@CWS,CLE,CWS,3
22,Chase DeLauter,800050,L,800050,FC,8.0,2.0,0.25,0.093,0.21375,0.5,0.0,90.25714285714285,0.5,7,0.0,0.571,0.286,0.286,0.286,0.125,0.0,2,0,0,0,CLE@CWS,CLE,CWS,3
23,Chase DeLauter,800050,L,800050,FF,42.0,18.0,0.429,0.113,0.5025,1.206,0.309,92.11875,0.579,32,0.125,0.562,0.312,0.312,0.281,0.234,0.085,11,3,2,2,CLE@CWS,CLE,CWS,3
25,Chase DeLauter,800050,L,800050,SI,50.0,16.0,0.32,0.022,0.34190740740740744,0.79,0.09999999999999998,87.75681818181819,0.5,44,0.0,0.386,0.568,0.295,0.068,0.111,0.056,11,5,0,0,CLE@CWS,CLE,CWS,3
28,Chase DeLauter,800050,L,800050,SV,5.0,0.0,0.0,0.143,0.0,0.0,0.0,91.05,0.0,2,0.0,0.5,0.5,0.5,0.0,0.6,0.0,0,0,0,0,CLE@CWS,CLE,CWS,3
29,Jo Adell,666176,L,666176,CH,75.0,16.0,0.213,0.228,0.3062337662337662,0.741,0.29400000000000004,91.03272727272727,0.667,55,0.182,0.436,0.418,0.182,0.364,0.26,0.026,8,1,0,7,CLE@CWS,CLE,CWS,4
31,Jo Adell,666176,L,666176,CU,28.0,9.0,0.321,0.147,0.44606666666666667,1.081,0.39299999999999996,91.70555555555556,0.667,18,0.222,0.5,0.5,0.222,0.278,0.333,0.033,4,2,0,3,CLE@CWS,CLE,CWS,4
32,Jo Adell,666176,L,666176,FC,28.0,10.0,0.357,0.143,0.5001249999999999,1.224,0.42900000000000005,91.876,0.667,25,0.2,0.56,0.4,0.16,0.32,0.094,0.094,6,0,0,4,CLE@CWS,CLE,CWS,4
33,Jo Adell,666176,L,666176,FF,140.0,36.0,0.257,0.147,0.3491842105263158,0.824,0.257,90.19449541284405,0.507,109,0.128,0.431,0.275,0.229,0.385,0.219,0.071,19,7,1,9,CLE@CWS,CLE,CWS,4
35,Jo Adell,666176,L,666176,SI,53.0,18.0,0.34,0.078,0.41134482758620683,0.982,0.24499999999999994,97.91702127659575,0.7,47,0.085,0.702,0.574,0.213,0.213,0.103,0.086,12,2,1,3,CLE@CWS,CLE,CWS,4
38,Jo Adell,666176,L,666176,SV,1.0,1.0,1.0,0.0,1.575,4.0,2.0,113.2,1.0,1,0.0,1.0,0.0,1.0,0.0,0.0,0.0,0,0,1,0,CLE@CWS,CLE,CWS,4
39,Angel Martinez,682657,L,682657,CH,79.0,18.0,0.228,0.135,0.2843414634146342,0.668,0.18999999999999997,84.02253521126761,0.364,71,0.028,0.31,0.465,0.296,0.169,0.119,0.036,9,6,0,3,CLE@CWS,CLE,CWS,5
40,Angel Martinez,682657,L,682657,CU,25.0,4.0,0.16,0.106,0.18316,0.434,0.12000000000000002,84.40625,0.286,16,0.062,0.25,0.562,0.125,0.312,0.385,0.0,3,0,0,1,CLE@CWS,CLE,CWS,5
41,Angel Martinez,682657,L,682657,FC,25.0,8.0,0.32,0.085,0.4036666666666666,0.957,0.27999999999999997,88.19545454545454,0.467,22,0.045,0.5,0.182,0.273,0.409,0.143,0.071,4,2,1,1,CLE@CWS,CLE,CWS,5
42,Angel Martinez,682657,L,682657,FF,92.0,29.0,0.315,0.063,0.37248039215686274,0.864,0.174,84.73243243243243,0.477,74,0.081,0.365,0.324,0.351,0.243,0.192,0.096,19,7,0,3,CLE@CWS,CLE,CWS,5
44,Angel Martinez,682657,L,682657,SI,52.0,18.0,0.346,0.054,0.36924999999999997,0.823,0.05800000000000005,88.51041666666667,0.562,48,0.0,0.479,0.604,0.229,0.104,0.097,0.113,17,0,0,1,CLE@CWS,CLE,CWS,5
47,Angel Martinez,682657,L,682657,SV,0.0,0.0,0.0,0.0,0.0,0.0,0.0,0.0,0.0,0,0.0,0.0,0.0,0.0,0.0,0.0,0.0,0,0,0,0,CLE@CWS,CLE,CWS,5
48,David Fry,681807,L,681807,CH,63.0,19.0,0.302,0.152,0.33545714285714284,0.768,0.09500000000000003,86.39574468085107,0.409,47,0.043,0.34,0.447,0.298,0.17,0.229,0.1,13,6,0,0,CLE@CWS,CLE,CWS,6
49,David Fry,681807,L,681807,CU,29.0,6.0,0.207,0.106,0.3326486486486486,0.723,0.13799999999999998,86.55,0.5,14,0.143,0.286,0.357,0.214,0.357,0.405,0.189,2,4,0,0,CLE@CWS,CLE,CWS,6
50,David Fry,681807,L,681807,FC,31.0,5.0,0.161,0.136,0.34328205128205125,0.785,0.29100000000000004,80.76086956521739,0.385,23,0.087,0.261,0.261,0.13,0.435,0.205,0.154,2,0,0,3,CLE@CWS,CLE,CWS,6
51,David Fry,681807,L,681807,FF,156.0,31.0,0.199,0.131,0.3309217877094972,0.776,0.27499999999999997,90.48703703703704,0.594,108,0.13,0.463,0.185,0.222,0.417,0.268,0.117,14,4,0,13,CLE@CWS,CLE,CWS,6
53,David Fry,681807,L,681807,SI,71.0,17.0,0.239,0.109,0.313506329113924,0.717,0.16899999999999998,91.46909090909091,0.552,55,0.055,0.491,0.455,0.255,0.273,0.222,0.099,11,3,0,3,CLE@CWS,CLE,CWS,6
56,David Fry,681807,L,681807,SV,2.0,0.0,0.0,0.077,0.0,0.0,0.0,75.3,0.0,1,0.0,0.0,1.0,0.0,0.0,0.5,0.0,0,0,0,0,CLE@CWS,CLE,CWS,6
57,Travis Bazzana,683953,L,683953,CH,2.0,0.0,0.0,0.278,0.0,0.0,0.0,0.0,0.0,0,0.0,0.0,0.0,0.0,0.0,1.0,0.0,0,0,0,0,CLE@CWS,CLE,CWS,7
58,Travis Bazzana,683953,L,683953,CU,5.0,0.0,0.0,0.12,0.0,0.0,0.0,91.0,0.0,1,0.0,0.0,1.0,0.0,0.0,0.8,0.0,0,0,0,0,CLE@CWS,CLE,CWS,7
59,Travis Bazzana,683953,L,683953,FC,5.0,2.0,0.4,0.108,0.34199999999999997,0.8,0.0,95.46000000000001,0.6,5,0.2,0.6,0.0,0.4,0.6,0.0,0.0,2,0,0,0,CLE@CWS,CLE,CWS,7
60,Travis Bazzana,683953,L,683953,FF,40.0,5.0,0.125,0.118,0.1923913043478261,0.389,0.024999999999999994,91.04074074074073,0.538,27,0.037,0.444,0.444,0.185,0.296,0.283,0.13,4,1,0,0,CLE@CWS,CLE,CWS,7
61,Travis Bazzana,683953,L,683953,SI,43.0,7.0,0.163,0.073,0.23688461538461533,0.471,0.0,84.61111111111111,0.375,36,0.028,0.306,0.583,0.028,0.194,0.135,0.135,7,0,0,0,CLE@CWS,CLE,CWS,7
64,Travis Bazzana,683953,L,683953,SV,2.0,0.0,0.0,0.0,0.0,0.0,0.0,60.0,0.0,1,0.0,0.0,1.0,0.0,0.0,0.5,0.0,0,0,0,0,CLE@CWS,CLE,CWS,7
65,Austin Hedges,595978,L,595978,CH,50.0,12.0,0.24,0.21,0.24946296296296294,0.541,0.020000000000000018,83.18947368421053,0.571,38,0.026,0.395,0.579,0.237,0.132,0.263,0.053,11,1,0,0,CLE@CWS,CLE,CWS,8
66,Austin Hedges,595978,L,595978,CU,16.0,4.0,0.25,0.113,0.39788888888888885,0.941,0.375,71.475,0.5,8,0.125,0.25,0.5,0.0,0.5,0.474,0.053,2,0,0,2,CLE@CWS,CLE,CWS,8
67,Austin Hedges,595978,L,595978,FC,19.0,6.0,0.316,0.151,0.4805217391304348,1.154,0.421,80.02142857142857,0.714,14,0.143,0.429,0.357,0.143,0.357,0.25,0.125,2,2,0,2,CLE@CWS,CLE,CWS,8
68,Austin Hedges,595978,L,595978,FF,117.0,21.0,0.179,0.123,0.1998306451612903,0.439,0.04300000000000001,87.90714285714286,0.5,98,0.02,0.378,0.337,0.224,0.286,0.186,0.054,18,2,0,1,CLE@CWS,CLE,CWS,8
70,Austin Hedges,595978,L,595978,SI,55.0,8.0,0.145,0.075,0.2644788732394366,0.511,0.037000000000000005,85.31132075471699,0.478,53,0.019,0.34,0.453,0.189,0.245,0.055,0.219,6,2,0,0,CLE@CWS,CLE,CWS,8
73,Austin Hedges,595978,L,595978,SV,1.0,0.0,0.0,0.0,0.0,0.0,0.0,87.9,0.0,1,0.0,0.0,0.0,0.0,1.0,0.0,0.0,0,0,0,0,CLE@CWS,CLE,CWS,8
74,Brayan Rocchio,677587,L,677587,CH,79.0,14.0,0.177,0.219,0.2176172839506173,0.511,0.139,86.345,0.5,60,0.067,0.317,0.583,0.167,0.2,0.244,0.024,9,2,0,3,CLE@CWS,CLE,CWS,9
75,Brayan Rocchio,677587,L,677587,CU,27.0,6.0,0.222,0.119,0.28174193548387094,0.608,0.07399999999999998,81.70952380952382,0.0,21,0.0,0.19,0.81,0.095,0.095,0.219,0.094,4,2,0,0,CLE@CWS,CLE,CWS,9
76,Brayan Rocchio,677587,L,677587,FC,46.0,6.0,0.13,0.137,0.17588,0.363,0.043999999999999984,78.00487804878048,0.143,41,0.024,0.146,0.585,0.171,0.171,0.151,0.019,4,2,0,0,CLE@CWS,CLE,CWS,9
77,Brayan Rocchio,677587,L,677587,FF,121.0,32.0,0.264,0.131,0.3498529411764706,0.812,0.20699999999999996,84.77471264367816,0.358,87,0.057,0.276,0.264,0.276,0.333,0.261,0.094,19,7,0,6,CLE@CWS,CLE,CWS,9
79,Brayan Rocchio,677587,L,677587,SI,62.0,15.0,0.242,0.044,0.2903888888888889,0.623,0.04799999999999999,85.48421052631579,0.28,57,0.018,0.263,0.544,0.175,0.263,0.107,0.133,13,1,1,0,CLE@CWS,CLE,CWS,9
82,Brayan Rocchio,677587,L,677587,SV,0.0,0.0,0.0,0.077,0.0,0.0,0.0,84.1,0.0,1,0.0,0.0,0.0,0.0,1.0,0.0,0.0,0,0,0,0,CLE@CWS,CLE,CWS,9
1,Sam Antonacci,803011,R,803011,CU,21.0,8.0,0.381,0.038,0.421,0.982,0.14300000000000002,87.87222222222222,0.333,18,0.0,0.222,0.5,0.444,0.056,0.125,0.042,6,1,1,0,CLE@CWS,CWS,CLE,1
3,Sam Antonacci,803011,R,803011,FF,130.0,45.0,0.346,0.06,0.43589677419354844,1.026,0.23099999999999998,88.94636363636364,0.456,110,0.109,0.4,0.336,0.282,0.336,0.135,0.147,28,10,1,6,CLE@CWS,CWS,CLE,1
6,Sam Antonacci,803011,R,803011,SL,39.0,6.0,0.154,0.046,0.21225581395348836,0.453,0.07700000000000001,88.80277777777778,0.294,36,0.056,0.389,0.5,0.111,0.361,0.111,0.067,3,3,0,0,CLE@CWS,CWS,CLE,1
10,Kyle Teel,691019,R,691019,CU,28.0,5.0,0.179,0.111,0.21996774193548388,0.472,0.035,77.85625,0.222,16,0.0,0.125,0.438,0.125,0.438,0.387,0.032,4,1,0,0,CLE@CWS,CWS,CLE,2
12,Kyle Teel,691019,R,691019,FF,94.0,31.0,0.33,0.119,0.43106722689075627,0.995,0.202,90.2125,0.5,72,0.111,0.458,0.292,0.319,0.347,0.198,0.207,22,4,0,5,CLE@CWS,CWS,CLE,2
15,Kyle Teel,691019,R,691019,SL,39.0,7.0,0.179,0.206,0.24081395348837206,0.538,0.10299999999999998,88.44761904761906,0.692,21,0.048,0.524,0.381,0.19,0.429,0.419,0.07,5,1,0,1,CLE@CWS,CWS,CLE,2
20,Miguel Vargas,678246,R,678246,CU,71.0,13.0,0.183,0.061,0.246575,0.54,0.08500000000000002,84.99016393442622,0.306,61,0.016,0.279,0.344,0.197,0.393,0.136,0.111,9,3,0,1,CLE@CWS,CWS,CLE,3
23,Miguel Vargas,678246,R,678246,FF,367.0,72.0,0.196,0.117,0.32531981981981983,0.736,0.20500000000000002,92.088416988417,0.494,259,0.116,0.425,0.178,0.216,0.456,0.245,0.157,33,20,2,17,CLE@CWS,CWS,CLE,3
26,Miguel Vargas,678246,R,678246,SL,177.0,42.0,0.237,0.108,0.2902642487046632,0.661,0.13,85.51470588235294,0.457,136,0.088,0.316,0.412,0.199,0.316,0.228,0.081,27,11,0,4,CLE@CWS,CWS,CLE,3
30,Munetaka Murakami,808959,R,808959,CU,25.0,8.0,0.32,0.096,0.48903125,1.189,0.39999999999999997,97.6125,0.909,16,0.25,0.812,0.312,0.188,0.5,0.281,0.156,4,1,0,3,CLE@CWS,CWS,CLE,4
33,Munetaka Murakami,808959,R,808959,FF,106.0,22.0,0.208,0.185,0.37863281249999997,0.901,0.3490000000000001,94.16551724137932,0.811,58,0.276,0.621,0.276,0.155,0.483,0.375,0.172,7,4,0,11,CLE@CWS,CWS,CLE,4
37,Munetaka Murakami,808959,R,808959,SL,55.0,11.0,0.2,0.24,0.3112153846153846,0.705,0.182,96.45806451612903,0.786,31,0.161,0.613,0.548,0.097,0.355,0.369,0.138,6,2,1,2,CLE@CWS,CWS,CLE,4
41,Andrew Benintendi,643217,R,643217,CU,135.0,37.0,0.274,0.086,0.2816474820143885,0.656,0.08899999999999997,84.44,0.308,115,0.026,0.235,0.348,0.357,0.209,0.15,0.021,27,9,0,1,CLE@CWS,CWS,CLE,5
44,Andrew Benintendi,643217,R,643217,FF,487.0,109.0,0.224,0.104,0.31224725274725273,0.72,0.19099999999999998,91.0246192893401,0.539,394,0.112,0.439,0.289,0.231,0.386,0.176,0.104,60,27,0,22,CLE@CWS,CWS,CLE,5
48,Andrew Benintendi,643217,R,643217,SL,187.0,43.0,0.23,0.15,0.29477227722772276,0.688,0.171,87.80808823529412,0.5,136,0.11,0.404,0.309,0.221,0.382,0.252,0.074,25,10,2,6,CLE@CWS,CWS,CLE,5
52,Tristan Peters,671976,R,671976,CU,42.0,6.0,0.143,0.117,0.21906249999999997,0.464,0.07100000000000001,84.99666666666667,0.286,30,0.033,0.3,0.467,0.233,0.233,0.25,0.062,4,1,1,0,CLE@CWS,CWS,CLE,6
55,Tristan Peters,671976,R,671976,FF,124.0,33.0,0.266,0.13,0.3688661971830986,0.862,0.242,84.13600000000001,0.483,100,0.1,0.37,0.27,0.24,0.36,0.181,0.111,15,11,2,5,CLE@CWS,CWS,CLE,6
59,Tristan Peters,671976,R,671976,SL,46.0,13.0,0.283,0.205,0.333875,0.778,0.195,87.78235294117647,0.35,34,0.0,0.294,0.324,0.294,0.294,0.28,0.04,6,6,0,1,CLE@CWS,CWS,CLE,6
63,Randal Grichuk,545341,R,545341,CU,32.0,4.0,0.125,0.167,0.12566666666666668,0.277,0.0,94.04375,0.5,16,0.0,0.625,0.625,0.25,0.125,0.485,0.0,4,0,0,0,CLE@CWS,CWS,CLE,7
66,Randal Grichuk,545341,R,545341,FF,169.0,39.0,0.231,0.085,0.3077272727272728,0.711,0.17699999999999996,92.40141843971631,0.658,141,0.092,0.525,0.326,0.27,0.291,0.154,0.09,20,13,1,5,CLE@CWS,CWS,CLE,7
70,Randal Grichuk,545341,R,545341,SL,137.0,31.0,0.226,0.189,0.27114893617021274,0.635,0.168,87.53557692307693,0.51,104,0.048,0.385,0.394,0.212,0.26,0.255,0.028,18,8,0,5,CLE@CWS,CWS,CLE,7
74,Colson Montgomery,695657,R,695657,CU,43.0,12.0,0.279,0.207,0.3433191489361702,0.805,0.186,89.8,0.533,22,0.091,0.5,0.227,0.273,0.409,0.447,0.064,7,3,1,1,CLE@CWS,CWS,CLE,8
76,Colson Montgomery,695657,R,695657,FF,221.0,34.0,0.154,0.16,0.251592,0.561,0.158,86.08778625954199,0.425,131,0.084,0.328,0.229,0.191,0.366,0.364,0.107,19,5,0,10,CLE@CWS,CWS,CLE,8
81,Colson Montgomery,695657,R,695657,SL,62.0,11.0,0.177,0.257,0.3134927536231884,0.745,0.307,94.25555555555556,0.579,27,0.259,0.556,0.185,0.185,0.519,0.507,0.101,4,1,0,6,CLE@CWS,CWS,CLE,8
85,Braden Montgomery,695731,R,695731,CU,17.0,6.0,0.353,0.103,0.4159047619047619,0.947,0.118,87.71875,0.444,16,0.062,0.375,0.375,0.25,0.312,0.048,0.143,4,2,0,0,CLE@CWS,CWS,CLE,9
87,Braden Montgomery,695731,R,695731,FF,62.0,23.0,0.371,0.085,0.4254054054054054,0.989,0.14500000000000002,93.2625,0.773,56,0.054,0.625,0.607,0.214,0.179,0.081,0.162,17,4,1,1,CLE@CWS,CWS,CLE,9
90,Braden Montgomery,695731,R,695731,SL,25.0,6.0,0.24,0.176,0.29764285714285715,0.681,0.12,88.27368421052631,0.4,19,0.0,0.316,0.684,0.211,0.053,0.214,0.107,4,1,1,0,CLE@CWS,CWS,CLE,9
3,Shohei Ohtani,660271,R,660271,FC,150.0,51.0,0.34,0.135,0.4545112359550562,1.086,0.307,95.05503875968992,0.714,129,0.202,0.597,0.419,0.202,0.341,0.128,0.15,32,5,1,13,LAD@ATL,LAD,ATL,1
4,Shohei Ohtani,660271,R,660271,FF,449.0,138.0,0.307,0.136,0.43171483622350676,1.03,0.33,96.96676737160121,0.737,331,0.248,0.653,0.311,0.257,0.387,0.231,0.125,68,29,4,37,LAD@ATL,LAD,ATL,1
5,Shohei Ohtani,660271,R,660271,FS,94.0,27.0,0.287,0.17,0.3964343434343434,0.958,0.35100000000000003,94.95079365079364,0.605,63,0.175,0.556,0.365,0.286,0.317,0.31,0.05,12,5,2,8,LAD@ATL,LAD,ATL,1
7,Shohei Ohtani,660271,R,660271,SI,125.0,48.0,0.384,0.069,0.5304110429447852,1.3,0.392,97.44200000000001,0.722,100,0.18,0.65,0.46,0.29,0.25,0.159,0.232,26,8,1,13,LAD@ATL,LAD,ATL,1
8,Shohei Ohtani,660271,R,660271,SL,195.0,55.0,0.282,0.223,0.46368444444444434,1.14,0.48200000000000004,97.6456,0.788,125,0.288,0.68,0.296,0.216,0.464,0.314,0.111,14,13,3,25,LAD@ATL,LAD,ATL,1
13,Mookie Betts,605141,R,605141,FC,152.0,39.0,0.257,0.072,0.2903952095808383,0.65,0.07900000000000001,88.15571428571428,0.42,140,0.05,0.35,0.371,0.271,0.307,0.099,0.087,29,9,0,1,LAD@ATL,LAD,ATL,2
14,Mookie Betts,605141,R,605141,FF,441.0,132.0,0.299,0.033,0.4052528735632184,0.952,0.24700000000000005,91.63905472636816,0.502,402,0.092,0.443,0.246,0.269,0.41,0.078,0.151,79,24,2,27,LAD@ATL,LAD,ATL,2
15,Mookie Betts,605141,R,605141,FS,38.0,12.0,0.316,0.136,0.38694999999999996,0.929,0.26299999999999996,88.01923076923077,0.5,26,0.038,0.423,0.269,0.308,0.385,0.3,0.05,7,2,1,2,LAD@ATL,LAD,ATL,2
19,Mookie Betts,605141,R,605141,SI,298.0,100.0,0.336,0.031,0.4105229885057471,0.96,0.194,92.37954545454545,0.506,264,0.072,0.466,0.379,0.33,0.254,0.1,0.135,68,18,2,12,LAD@ATL,LAD,ATL,2
20,Mookie Betts,605141,R,605141,SL,272.0,69.0,0.254,0.106,0.3406378737541529,0.797,0.21999999999999997,88.0255707762557,0.389,219,0.087,0.306,0.297,0.26,0.338,0.182,0.086,38,16,1,14,LAD@ATL,LAD,ATL,2
25,Freddie Freeman,518692,R,518692,FC,163.0,59.0,0.362,0.11,0.431016393442623,1.014,0.22699999999999998,88.04961832061069,0.535,131,0.099,0.397,0.405,0.267,0.275,0.188,0.091,36,16,0,7,LAD@ATL,LAD,ATL,3
26,Freddie Freeman,518692,R,518692,FF,568.0,184.0,0.324,0.096,0.39358387096774194,0.931,0.22900000000000004,90.21369294605809,0.5,482,0.11,0.436,0.336,0.293,0.326,0.146,0.08,112,42,2,28,LAD@ATL,LAD,ATL,3
27,Freddie Freeman,518692,R,518692,FS,57.0,22.0,0.386,0.096,0.45445312499999996,1.078,0.246,92.412,0.517,50,0.1,0.48,0.4,0.32,0.26,0.123,0.108,13,6,1,2,LAD@ATL,LAD,ATL,3
30,Freddie Freeman,518692,R,518692,SI,205.0,60.0,0.293,0.086,0.37216666666666665,0.854,0.17000000000000004,92.82342857142858,0.578,175,0.103,0.537,0.474,0.251,0.263,0.136,0.14,41,11,0,8,LAD@ATL,LAD,ATL,3
31,Freddie Freeman,518692,R,518692,SL,165.0,37.0,0.224,0.156,0.32788832487309644,0.735,0.164,88.83793103448276,0.473,116,0.121,0.397,0.336,0.284,0.353,0.256,0.126,21,10,1,5,LAD@ATL,LAD,ATL,3
37,Will Smith,669257,R,669257,FC,88.0,27.0,0.307,0.105,0.3441063829787234,0.806,0.14800000000000002,87.89333333333333,0.452,75,0.067,0.373,0.387,0.293,0.267,0.138,0.053,20,4,0,3,LAD@ATL,LAD,ATL,4
38,Will Smith,669257,R,669257,FF,304.0,76.0,0.25,0.101,0.37444054054054055,0.863,0.23399999999999999,94.34500000000001,0.66,220,0.168,0.577,0.277,0.218,0.45,0.237,0.163,43,13,2,18,LAD@ATL,LAD,ATL,4
39,Will Smith,669257,R,669257,FS,38.0,8.0,0.211,0.126,0.22887804878048776,0.499,0.025999999999999995,80.64137931034483,0.0,29,0.0,0.138,0.483,0.172,0.31,0.238,0.024,7,1,0,0,LAD@ATL,LAD,ATL,4
41,Will Smith,669257,R,669257,SI,236.0,72.0,0.305,0.044,0.37238745387453875,0.85,0.16100000000000003,91.79009433962264,0.574,212,0.104,0.528,0.377,0.302,0.274,0.115,0.09,50,13,2,7,LAD@ATL,LAD,ATL,4
42,Will Smith,669257,R,669257,SL,218.0,64.0,0.294,0.092,0.3569475806451613,0.815,0.15100000000000002,86.32108108108108,0.407,185,0.065,0.303,0.324,0.265,0.346,0.154,0.098,48,7,1,8,LAD@ATL,LAD,ATL,4
49,Kyle Tucker,663656,R,663656,FC,127.0,32.0,0.252,0.096,0.3289041095890411,0.749,0.15000000000000002,89.88210526315788,0.534,95,0.074,0.484,0.326,0.263,0.347,0.218,0.122,21,7,0,4,LAD@ATL,LAD,ATL,5
50,Kyle Tucker,663656,R,663656,FF,424.0,120.0,0.283,0.071,0.4006620553359683,0.937,0.26200000000000007,93.15822102425875,0.517,371,0.148,0.48,0.294,0.237,0.41,0.115,0.157,65,26,2,27,LAD@ATL,LAD,ATL,5
51,Kyle Tucker,663656,R,663656,FS,61.0,12.0,0.197,0.144,0.25302857142857144,0.542,0.04899999999999999,81.91372549019609,0.385,51,0.039,0.275,0.373,0.255,0.255,0.155,0.127,9,3,0,0,LAD@ATL,LAD,ATL,5
53,Kyle Tucker,663656,R,663656,SI,122.0,39.0,0.32,0.055,0.4268611111111111,1.005,0.26999999999999996,90.68648648648649,0.571,111,0.117,0.477,0.351,0.378,0.252,0.088,0.15,24,6,0,9,LAD@ATL,LAD,ATL,5
54,Kyle Tucker,663656,R,663656,SL,143.0,32.0,0.224,0.131,0.3469112426035503,0.797,0.23800000000000002,89.21826923076924,0.413,104,0.115,0.346,0.317,0.231,0.375,0.237,0.145,17,5,1,9,LAD@ATL,LAD,ATL,5
60,Teoscar Hernandez,606192,R,606192,FC,119.0,24.0,0.202,0.208,0.2638359375,0.605,0.15099999999999997,86.06363636363636,0.537,88,0.114,0.318,0.455,0.239,0.227,0.26,0.061,13,7,1,3,LAD@ATL,LAD,ATL,6
61,Teoscar Hernandez,606192,R,606192,FF,372.0,100.0,0.269,0.175,0.3587270531400966,0.844,0.23399999999999999,95.34725738396624,0.743,237,0.203,0.629,0.354,0.266,0.325,0.331,0.091,59,17,2,22,LAD@ATL,LAD,ATL,6
62,Teoscar Hernandez,606192,R,606192,FS,49.0,7.0,0.143,0.296,0.2192222222222222,0.487,0.12200000000000003,90.71111111111111,0.462,27,0.148,0.407,0.519,0.074,0.407,0.407,0.074,3,3,0,1,LAD@ATL,LAD,ATL,6
65,Teoscar Hernandez,606192,R,606192,SI,320.0,99.0,0.309,0.072,0.35399166666666665,0.812,0.119,90.92014652014652,0.62,273,0.07,0.469,0.626,0.216,0.121,0.13,0.086,79,10,2,8,LAD@ATL,LAD,ATL,6
66,Teoscar Hernandez,606192,R,606192,SL,400.0,86.0,0.215,0.223,0.25969230769230767,0.608,0.15,87.81807692307693,0.586,260,0.092,0.427,0.442,0.215,0.277,0.341,0.036,52,21,0,13,LAD@ATL,LAD,ATL,6
73,Max Muncy,571970,R,571970,FC,96.0,23.0,0.24,0.066,0.34743859649122805,0.788,0.198,87.45176470588235,0.491,85,0.071,0.4,0.271,0.212,0.435,0.12,0.145,14,4,0,5,LAD@ATL,LAD,ATL,7
74,Max Muncy,571970,R,571970,FF,307.0,91.0,0.296,0.09,0.4605102040816327,1.104,0.36500000000000005,93.28230088495575,0.667,226,0.177,0.602,0.159,0.221,0.509,0.217,0.204,40,20,1,30,LAD@ATL,LAD,ATL,7
75,Max Muncy,571970,R,571970,FS,61.0,8.0,0.131,0.255,0.18983076923076922,0.431,0.11499999999999999,82.65142857142858,0.357,35,0.114,0.2,0.543,0.171,0.229,0.4,0.062,5,1,0,2,LAD@ATL,LAD,ATL,7
78,Max Muncy,571970,R,571970,SI,131.0,41.0,0.313,0.06,0.42720886075949366,1.008,0.26699999999999996,94.23362831858407,0.613,113,0.133,0.549,0.301,0.265,0.398,0.119,0.164,22,11,0,8,LAD@ATL,LAD,ATL,7
79,Max Muncy,571970,R,571970,SL,149.0,33.0,0.221,0.133,0.3463276836158192,0.799,0.23500000000000001,92.28586956521738,0.614,92,0.141,0.478,0.293,0.272,0.348,0.326,0.146,17,6,1,9,LAD@ATL,LAD,ATL,7
86,Andy Pages,681624,R,681624,FC,62.0,17.0,0.274,0.119,0.3991666666666666,0.956,0.30699999999999994,86.28518518518518,0.536,54,0.111,0.352,0.296,0.259,0.259,0.111,0.139,10,0,2,5,LAD@ATL,LAD,ATL,8
87,Andy Pages,681624,R,681624,FF,326.0,76.0,0.233,0.108,0.31373698630136987,0.719,0.17499999999999996,90.40557939914163,0.516,233,0.116,0.425,0.227,0.3,0.365,0.265,0.086,45,18,0,13,LAD@ATL,LAD,ATL,8
88,Andy Pages,681624,R,681624,FS,18.0,8.0,0.444,0.122,0.5370952380952381,1.278,0.334,92.51538461538462,0.429,13,0.154,0.615,0.462,0.308,0.231,0.273,0.091,6,0,0,2,LAD@ATL,LAD,ATL,8
90,Andy Pages,681624,R,681624,SI,239.0,60.0,0.251,0.078,0.3037931034482758,0.698,0.134,86.43072916666667,0.468,192,0.047,0.406,0.667,0.172,0.151,0.183,0.053,44,8,0,8,LAD@ATL,LAD,ATL,8
91,Andy Pages,681624,R,681624,SL,229.0,54.0,0.236,0.145,0.28235021097046414,0.664,0.17000000000000004,86.65828877005347,0.383,187,0.086,0.321,0.332,0.267,0.305,0.188,0.021,34,10,1,9,LAD@ATL,LAD,ATL,8
97,Enrique Hernandez,571771,R,571771,FC,51.0,13.0,0.255,0.126,0.3090377358490566,0.724,0.196,88.46279069767442,0.476,43,0.07,0.349,0.419,0.279,0.209,0.182,0.036,9,1,0,3,LAD@ATL,LAD,ATL,9
98,Enrique Hernandez,571771,R,571771,FF,185.0,45.0,0.243,0.103,0.30508780487804876,0.7,0.14100000000000001,90.60263157894737,0.366,152,0.046,0.395,0.27,0.217,0.395,0.165,0.092,31,8,0,6,LAD@ATL,LAD,ATL,9
99,Enrique Hernandez,571771,R,571771,FS,16.0,2.0,0.125,0.214,0.16470588235294117,0.364,0.063,92.34,0.333,5,0.0,0.4,0.2,0.4,0.2,0.647,0.059,1,1,0,0,LAD@ATL,LAD,ATL,9
101,Enrique Hernandez,571771,R,571771,SI,156.0,42.0,0.269,0.074,0.2984666666666666,0.694,0.11599999999999999,90.38914728682171,0.5,129,0.031,0.434,0.457,0.318,0.178,0.164,0.048,28,12,0,2,LAD@ATL,LAD,ATL,9
102,Enrique Hernandez,571771,R,571771,SL,150.0,30.0,0.2,0.16,0.26756790123456786,0.615,0.15999999999999998,84.13513513513513,0.411,111,0.045,0.279,0.342,0.243,0.261,0.255,0.073,16,9,0,5,LAD@ATL,LAD,ATL,9
2,Michael Harris II,671739,R,671739,CU,176.0,44.0,0.25,0.189,0.30266666666666664,0.709,0.188,91.52333333333333,0.566,120,0.133,0.475,0.533,0.2,0.242,0.324,0.027,25,12,0,7,LAD@ATL,ATL,LAD,1
5,Michael Harris II,671739,R,671739,FF,408.0,116.0,0.284,0.103,0.33407339449541285,0.783,0.17200000000000004,92.47685459940654,0.629,337,0.113,0.549,0.362,0.326,0.226,0.172,0.063,73,27,5,11,LAD@ATL,ATL,LAD,1
10,Michael Harris II,671739,R,671739,SI,208.0,56.0,0.269,0.083,0.3035681818181818,0.705,0.13,93.50824175824175,0.618,182,0.077,0.577,0.621,0.253,0.121,0.126,0.05,39,12,0,5,LAD@ATL,ATL,LAD,1
11,Michael Harris II,671739,R,671739,SL,154.0,38.0,0.247,0.186,0.30927777777777776,0.73,0.201,93.16371681415929,0.603,113,0.142,0.513,0.381,0.212,0.301,0.258,0.037,22,8,1,7,LAD@ATL,ATL,LAD,1
16,Ronald Acuna Jr.,660670,R,660670,CU,78.0,22.0,0.282,0.106,0.3699880952380952,0.884,0.2690000000000001,94.595,0.741,60,0.233,0.55,0.55,0.167,0.283,0.214,0.071,12,4,1,5,LAD@ATL,ATL,LAD,2
19,Ronald Acuna Jr.,660670,R,660670,FF,364.0,93.0,0.255,0.138,0.36912149532710276,0.86,0.24,94.98540145985402,0.64,274,0.153,0.58,0.325,0.241,0.358,0.214,0.137,54,15,0,24,LAD@ATL,ATL,LAD,2
23,Ronald Acuna Jr.,660670,R,660670,SI,295.0,101.0,0.342,0.075,0.41338728323699414,0.963,0.183,89.59003831417624,0.592,261,0.119,0.448,0.556,0.238,0.157,0.101,0.118,75,11,2,13,LAD@ATL,ATL,LAD,2
24,Ronald Acuna Jr.,660670,R,660670,SL,181.0,64.0,0.354,0.132,0.4171849999999999,0.988,0.22099999999999997,94.23846153846154,0.672,143,0.154,0.559,0.531,0.217,0.231,0.194,0.095,43,11,1,9,LAD@ATL,ATL,LAD,2
29,Matt Olson,621566,R,621566,CU,173.0,38.0,0.22,0.12,0.3170157068062827,0.743,0.231,88.72605042016806,0.597,119,0.16,0.412,0.387,0.185,0.336,0.286,0.083,19,8,1,10,LAD@ATL,ATL,LAD,3
32,Matt Olson,621566,R,621566,FF,559.0,141.0,0.252,0.125,0.37093202416918425,0.862,0.245,95.26474820143885,0.694,417,0.163,0.626,0.321,0.266,0.345,0.222,0.15,76,29,0,36,LAD@ATL,ATL,LAD,3
37,Matt Olson,621566,R,621566,SI,181.0,59.0,0.326,0.092,0.4574931506849315,1.1,0.331,95.55103448275862,0.776,145,0.2,0.634,0.441,0.228,0.297,0.164,0.174,31,12,0,16,LAD@ATL,ATL,LAD,3
38,Matt Olson,621566,R,621566,SL,224.0,53.0,0.237,0.158,0.3571699604743083,0.845,0.28500000000000003,93.59202898550726,0.625,138,0.181,0.507,0.254,0.232,0.406,0.343,0.102,24,11,1,17,LAD@ATL,ATL,LAD,3
43,Drake Baldwin,686948,R,686948,CU,68.0,16.0,0.235,0.15,0.2838630136986301,0.656,0.133,92.57826086956523,0.69,46,0.196,0.543,0.326,0.217,0.413,0.301,0.041,11,3,0,2,LAD@ATL,ATL,LAD,4
46,Drake Baldwin,686948,R,686948,FF,182.0,62.0,0.341,0.108,0.42354634146341463,1.006,0.25199999999999995,93.88571428571429,0.659,147,0.163,0.578,0.333,0.313,0.306,0.175,0.102,40,9,2,11,LAD@ATL,ATL,LAD,4
49,Drake Baldwin,686948,R,686948,SI,103.0,31.0,0.301,0.041,0.36958064516129036,0.833,0.11599999999999999,92.93789473684211,0.595,95,0.063,0.537,0.6,0.221,0.168,0.072,0.16,25,3,0,3,LAD@ATL,ATL,LAD,4
50,Drake Baldwin,686948,R,686948,SL,82.0,19.0,0.232,0.183,0.35092134831460675,0.841,0.31700000000000006,91.81428571428572,0.571,56,0.196,0.411,0.357,0.196,0.429,0.292,0.067,7,5,0,7,LAD@ATL,ATL,LAD,4
55,Austin Riley,663586,R,663586,CU,97.0,19.0,0.196,0.182,0.28280555555555553,0.646,0.175,92.26206896551724,0.667,58,0.138,0.552,0.431,0.224,0.293,0.367,0.092,10,5,0,4,LAD@ATL,ATL,LAD,5
58,Austin Riley,663586,R,663586,FF,449.0,94.0,0.209,0.146,0.29267793240556655,0.669,0.167,94.77222222222223,0.642,288,0.17,0.545,0.274,0.253,0.347,0.323,0.095,58,16,1,19,LAD@ATL,ATL,LAD,5
61,Austin Riley,663586,R,663586,SI,329.0,109.0,0.331,0.064,0.3961043956043956,0.929,0.20700000000000002,91.74193548387096,0.659,279,0.115,0.505,0.52,0.251,0.19,0.147,0.073,67,28,2,12,LAD@ATL,ATL,LAD,5
62,Austin Riley,663586,R,663586,SL,284.0,69.0,0.243,0.189,0.28894915254237286,0.678,0.16899999999999998,89.90398009950249,0.504,201,0.119,0.403,0.358,0.279,0.313,0.296,0.037,44,13,1,11,LAD@ATL,ATL,LAD,5
66,Mike Yastrzemski,573262,R,573262,CU,108.0,36.0,0.333,0.077,0.43189655172413793,1.037,0.334,88.16091954022988,0.5,87,0.126,0.391,0.322,0.31,0.333,0.202,0.067,18,7,4,7,LAD@ATL,ATL,LAD,6
69,Mike Yastrzemski,573262,R,573262,FF,508.0,109.0,0.215,0.095,0.3199826989619377,0.74,0.218,91.94266666666667,0.556,375,0.133,0.501,0.24,0.203,0.459,0.238,0.116,53,27,3,26,LAD@ATL,ATL,LAD,6
74,Mike Yastrzemski,573262,R,573262,SI,144.0,32.0,0.222,0.059,0.3388988764044944,0.76,0.167,91.3787037037037,0.706,108,0.074,0.519,0.426,0.259,0.213,0.202,0.191,19,7,1,5,LAD@ATL,ATL,LAD,6
75,Mike Yastrzemski,573262,R,573262,SL,140.0,26.0,0.186,0.131,0.25582352941176467,0.581,0.14300000000000002,89.21444444444445,0.622,90,0.056,0.422,0.356,0.256,0.244,0.335,0.077,10,14,0,2,LAD@ATL,ATL,LAD,6
80,Ozzie Albies,645277,R,645277,CU,188.0,36.0,0.191,0.125,0.2246381909547739,0.512,0.08600000000000002,84.0303448275862,0.226,145,0.007,0.152,0.324,0.255,0.324,0.22,0.035,24,9,2,1,LAD@ATL,ATL,LAD,7
83,Ozzie Albies,645277,R,645277,FF,455.0,106.0,0.233,0.107,0.34328816793893124,0.795,0.233,90.66532258064517,0.491,372,0.097,0.401,0.245,0.234,0.374,0.171,0.115,57,19,3,27,LAD@ATL,ATL,LAD,7
87,Ozzie Albies,645277,R,645277,SI,206.0,52.0,0.252,0.101,0.3149782608695652,0.718,0.14100000000000001,89.68406593406593,0.5,182,0.077,0.412,0.335,0.214,0.379,0.12,0.103,37,8,0,7,LAD@ATL,ATL,LAD,7
88,Ozzie Albies,645277,R,645277,SL,169.0,46.0,0.272,0.142,0.3489405405405406,0.815,0.21299999999999997,86.16060606060607,0.368,132,0.068,0.303,0.379,0.25,0.326,0.213,0.059,27,10,1,8,LAD@ATL,ATL,LAD,7
93,Dominic Smith,642086,R,642086,CU,111.0,37.0,0.333,0.126,0.366275,0.845,0.135,85.57078651685393,0.409,89,0.056,0.258,0.483,0.27,0.225,0.197,0.016,28,6,0,3,LAD@ATL,ATL,LAD,8
96,Dominic Smith,642086,R,642086,FF,325.0,84.0,0.258,0.078,0.3266592797783934,0.756,0.16699999999999998,91.3953125,0.5,256,0.102,0.441,0.297,0.273,0.375,0.196,0.096,54,18,0,12,LAD@ATL,ATL,LAD,8
100,Dominic Smith,642086,R,642086,SI,130.0,37.0,0.285,0.06,0.3482684563758389,0.794,0.138,89.82321428571429,0.596,112,0.071,0.429,0.446,0.259,0.25,0.132,0.126,25,9,0,3,LAD@ATL,ATL,LAD,8
101,Dominic Smith,642086,R,642086,SL,108.0,26.0,0.241,0.165,0.3198709677419355,0.72,0.14800000000000002,87.39047619047619,0.375,84,0.131,0.321,0.298,0.214,0.452,0.213,0.094,17,5,1,3,LAD@ATL,ATL,LAD,8
105,Ha-Seong Kim,673490,R,673490,CU,43.0,9.0,0.209,0.048,0.22128260869565214,0.494,0.02400000000000002,84.91666666666667,0.286,36,0.028,0.278,0.472,0.167,0.222,0.152,0.065,8,1,0,0,LAD@ATL,ATL,LAD,9
108,Ha-Seong Kim,673490,R,673490,FF,238.0,51.0,0.214,0.083,0.32607931034482757,0.724,0.16,90.53195266272189,0.539,169,0.083,0.45,0.337,0.254,0.272,0.248,0.177,35,5,0,11,LAD@ATL,ATL,LAD,9
111,Ha-Seong Kim,673490,R,673490,SI,203.0,50.0,0.246,0.039,0.3066808510638298,0.677,0.08900000000000002,84.44127906976745,0.304,172,0.035,0.314,0.517,0.262,0.14,0.15,0.108,39,6,3,2,LAD@ATL,ATL,LAD,9
112,Ha-Seong Kim,673490,R,673490,SL,177.0,43.0,0.243,0.083,0.27608947368421055,0.626,0.09600000000000003,83.63478260869566,0.3,138,0.014,0.181,0.37,0.29,0.217,0.226,0.062,34,5,0,4,LAD@ATL,ATL,LAD,9
0,Yandy Diaz,650490,L,650490,CH,130.0,37.0,0.285,0.081,0.3430955882352941,0.814,0.21500000000000002,92.81379310344828,0.574,116,0.06,0.5,0.534,0.198,0.207,0.109,0.044,25,4,0,8,TB@NYY,TB,NYY,1
1,Yandy Diaz,650490,L,650490,CU,59.0,20.0,0.339,0.058,0.4134375,0.984,0.25399999999999995,93.33962264150944,0.739,53,0.132,0.585,0.528,0.208,0.226,0.094,0.047,13,3,0,4,TB@NYY,TB,NYY,1
2,Yandy Diaz,650490,L,650490,FC,53.0,19.0,0.358,0.048,0.47109375,1.129,0.30200000000000005,92.26122448979592,0.429,49,0.143,0.469,0.531,0.245,0.184,0.062,0.156,11,4,0,4,TB@NYY,TB,NYY,1
3,Yandy Diaz,650490,L,650490,FF,176.0,52.0,0.295,0.076,0.3934358974358974,0.933,0.27899999999999997,94.96818181818182,0.587,154,0.11,0.584,0.364,0.253,0.344,0.126,0.096,27,13,0,12,TB@NYY,TB,NYY,1
5,Yandy Diaz,650490,L,650490,SI,81.0,25.0,0.309,0.034,0.33807954545454544,0.78,0.11099999999999999,95.36619718309859,0.739,71,0.042,0.69,0.676,0.225,0.099,0.124,0.079,20,3,0,2,TB@NYY,TB,NYY,1
6,Yandy Diaz,650490,L,650490,SL,56.0,19.0,0.339,0.095,0.4202794117647059,0.961,0.179,93.73191489361702,0.64,47,0.17,0.553,0.362,0.277,0.255,0.157,0.143,11,7,0,1,TB@NYY,TB,NYY,1
7,Yandy Diaz,650490,L,650490,ST,22.0,4.0,0.182,0.039,0.28162499999999996,0.659,0.22699999999999998,96.32000000000001,0.636,20,0.15,0.65,0.35,0.1,0.45,0.083,0.083,1,2,0,1,TB@NYY,TB,NYY,1
9,Jonathan Aranda,666018,L,666018,CH,8.0,2.0,0.25,0.148,0.3497,0.775,0.125,85.36,1.0,5,0.2,0.4,0.6,0.2,0.2,0.3,0.2,1,1,0,0,TB@NYY,TB,NYY,2
10,Jonathan Aranda,666018,L,666018,CU,11.0,2.0,0.182,0.02,0.2387692307692308,0.49,0.0,86.6625,0.0,8,0.0,0.25,0.75,0.125,0.125,0.231,0.154,2,0,0,0,TB@NYY,TB,NYY,2
11,Jonathan Aranda,666018,L,666018,FC,20.0,5.0,0.25,0.198,0.2934090909090909,0.668,0.09999999999999998,88.84615384615384,0.4,13,0.077,0.308,0.231,0.385,0.385,0.318,0.091,3,2,0,0,TB@NYY,TB,NYY,2
12,Jonathan Aranda,666018,L,666018,FF,74.0,17.0,0.23,0.121,0.30354945054945054,0.64,0.04000000000000001,92.62045454545455,0.593,44,0.114,0.523,0.341,0.273,0.341,0.337,0.163,14,3,0,0,TB@NYY,TB,NYY,2
13,Jonathan Aranda,666018,L,666018,SI,83.0,23.0,0.277,0.075,0.31222105263157895,0.69,0.04799999999999999,87.9888888888889,0.478,63,0.0,0.46,0.603,0.254,0.111,0.219,0.104,19,4,0,0,TB@NYY,TB,NYY,2
14,Jonathan Aranda,666018,L,666018,SL,45.0,11.0,0.244,0.077,0.33670833333333333,0.803,0.267,87.88333333333334,0.75,36,0.111,0.472,0.611,0.056,0.278,0.188,0.042,7,0,0,4,TB@NYY,TB,NYY,2
15,Jonathan Aranda,666018,L,666018,ST,28.0,6.0,0.214,0.102,0.24561290322580645,0.531,0.036000000000000004,88.86666666666667,0.545,18,0.0,0.444,0.333,0.389,0.222,0.344,0.094,5,1,0,0,TB@NYY,TB,NYY,2
17,Junior Caminero,691406,L,691406,CH,98.0,23.0,0.235,0.136,0.2818380952380952,0.653,0.132,88.58068181818182,0.531,88,0.08,0.375,0.545,0.159,0.205,0.095,0.067,16,4,0,3,TB@NYY,TB,NYY,3
18,Junior Caminero,691406,L,691406,CU,37.0,11.0,0.297,0.123,0.34641025641025636,0.819,0.189,88.92592592592592,0.545,27,0.148,0.407,0.519,0.259,0.148,0.256,0.051,8,1,0,2,TB@NYY,TB,NYY,3
19,Junior Caminero,691406,L,691406,FC,21.0,3.0,0.143,0.055,0.2326923076923077,0.451,0.0,84.76315789473684,0.333,19,0.0,0.316,0.526,0.158,0.316,0.077,0.192,3,0,0,0,TB@NYY,TB,NYY,3
20,Junior Caminero,691406,L,691406,FF,91.0,28.0,0.308,0.132,0.44979629629629625,1.079,0.36200000000000004,96.22388059701493,0.619,67,0.239,0.597,0.328,0.209,0.418,0.236,0.155,13,6,0,9,TB@NYY,TB,NYY,3
22,Junior Caminero,691406,L,691406,SI,70.0,21.0,0.3,0.054,0.35292,0.833,0.186,96.3375,0.667,64,0.109,0.609,0.672,0.141,0.141,0.08,0.067,16,1,0,4,TB@NYY,TB,NYY,3
23,Junior Caminero,691406,L,691406,SL,30.0,6.0,0.2,0.123,0.3236,0.739,0.23299999999999998,89.17916666666667,0.636,24,0.083,0.5,0.333,0.25,0.208,0.194,0.139,3,1,0,2,TB@NYY,TB,NYY,3
24,Junior Caminero,691406,L,691406,ST,16.0,8.0,0.5,0.11,0.5688333333333333,1.368,0.31200000000000006,97.51538461538462,0.667,13,0.0,0.692,0.462,0.385,0.077,0.167,0.0,5,2,0,1,TB@NYY,TB,NYY,3
26,Ryan Vilade,668723,L,668723,CH,29.0,11.0,0.379,0.103,0.5069677419354839,1.247,0.44899999999999995,91.71249999999999,0.417,24,0.125,0.417,0.417,0.292,0.208,0.161,0.065,6,0,2,3,TB@NYY,TB,NYY,4
27,Ryan Vilade,668723,L,668723,CU,19.0,5.0,0.263,0.113,0.286,0.684,0.15799999999999997,86.5,0.5,14,0.071,0.571,0.571,0.286,0.143,0.263,0.0,4,0,0,1,TB@NYY,TB,NYY,4
28,Ryan Vilade,668723,L,668723,FC,17.0,6.0,0.353,0.094,0.4250526315789474,1.009,0.235,94.64999999999999,0.667,12,0.083,0.583,0.417,0.167,0.333,0.263,0.105,4,1,0,1,TB@NYY,TB,NYY,4
29,Ryan Vilade,668723,L,668723,FF,65.0,15.0,0.231,0.134,0.31105405405405406,0.697,0.154,87.67659574468085,0.31,47,0.043,0.277,0.255,0.213,0.404,0.273,0.104,9,4,0,2,TB@NYY,TB,NYY,4
30,Ryan Vilade,668723,L,668723,SI,24.0,7.0,0.292,0.046,0.3411379310344827,0.747,0.041000000000000036,94.4095238095238,0.4,21,0.048,0.667,0.476,0.19,0.286,0.103,0.138,6,1,0,0,TB@NYY,TB,NYY,4
31,Ryan Vilade,668723,L,668723,SL,17.0,1.0,0.059,0.197,0.1506111111111111,0.346,0.176,89.5,0.429,12,0.167,0.417,0.25,0.083,0.5,0.278,0.056,0,0,0,1,TB@NYY,TB,NYY,4
32,Ryan Vilade,668723,L,668723,ST,8.0,0.0,0.0,0.103,0.0,0.0,0.0,55.2,0.0,4,0.0,0.0,0.75,0.0,0.0,0.5,0.0,0,0,0,0,TB@NYY,TB,NYY,4
34,Jonny DeLuca,676356,L,676356,CH,67.0,15.0,0.224,0.198,0.2380441176470588,0.56,0.10400000000000001,84.25535714285715,0.333,56,0.018,0.25,0.482,0.179,0.25,0.174,0.014,11,2,1,1,TB@NYY,TB,NYY,5
35,Jonny DeLuca,676356,L,676356,CU,19.0,4.0,0.211,0.067,0.18,0.422,0.0,83.77142857142857,0.25,14,0.0,0.214,0.643,0.143,0.143,0.263,0.0,4,0,0,0,TB@NYY,TB,NYY,5
36,Jonny DeLuca,676356,L,676356,FC,19.0,7.0,0.368,0.108,0.3966842105263158,0.947,0.21099999999999997,89.31428571428572,0.714,14,0.143,0.643,0.429,0.357,0.143,0.263,0.0,5,1,0,1,TB@NYY,TB,NYY,5
37,Jonny DeLuca,676356,L,676356,FF,84.0,20.0,0.238,0.138,0.30526530612244895,0.676,0.09500000000000003,83.30983606557376,0.267,61,0.033,0.262,0.344,0.279,0.213,0.242,0.141,15,3,1,1,TB@NYY,TB,NYY,5
39,Jonny DeLuca,676356,L,676356,SI,51.0,16.0,0.314,0.08,0.3632407407407407,0.862,0.196,91.90714285714286,0.45,42,0.024,0.452,0.5,0.31,0.167,0.167,0.056,9,5,1,1,TB@NYY,TB,NYY,5
40,Jonny DeLuca,676356,L,676356,SL,38.0,7.0,0.184,0.177,0.1678421052631579,0.395,0.026999999999999996,80.09615384615384,0.364,26,0.0,0.269,0.538,0.154,0.269,0.316,0.0,6,1,0,0,TB@NYY,TB,NYY,5
41,Jonny DeLuca,676356,L,676356,ST,10.0,2.0,0.2,0.189,0.2496,0.6,0.2,73.12,0.667,5,0.0,0.4,0.2,0.4,0.2,0.5,0.0,0,2,0,0,TB@NYY,TB,NYY,5
43,Chandler Simpson,802415,L,802415,CH,9.0,2.0,0.222,0.179,0.19,0.422,0.0,70.8,0.25,7,0.0,0.143,0.429,0.429,0.143,0.3,0.0,2,0,0,0,TB@NYY,TB,NYY,6
44,Chandler Simpson,802415,L,802415,CU,10.0,3.0,0.3,0.091,0.2565,0.6,0.0,69.0875,0.0,8,0.0,0.0,0.625,0.375,0.0,0.2,0.0,3,0,0,0,TB@NYY,TB,NYY,6
45,Chandler Simpson,802415,L,802415,FC,10.0,4.0,0.4,0.085,0.37427272727272726,0.817,0.0,75.53,0.0,10,0.0,0.0,0.3,0.3,0.3,0.083,0.083,4,0,0,0,TB@NYY,TB,NYY,6
46,Chandler Simpson,802415,L,802415,FF,79.0,23.0,0.291,0.041,0.278890243902439,0.635,0.038000000000000034,78.36962025316456,0.121,79,0.0,0.114,0.544,0.19,0.228,0.035,0.035,21,1,1,0,TB@NYY,TB,NYY,6
48,Chandler Simpson,802415,L,802415,SI,117.0,31.0,0.265,0.035,0.25084999999999996,0.573,0.033999999999999975,81.7421052631579,0.0,114,0.0,0.202,0.825,0.114,0.044,0.048,0.024,28,2,1,0,TB@NYY,TB,NYY,6
49,Chandler Simpson,802415,L,802415,SL,47.0,17.0,0.362,0.109,0.3337083333333333,0.779,0.04200000000000004,76.28378378378379,0.0,37,0.0,0.135,0.676,0.189,0.108,0.208,0.021,15,2,0,0,TB@NYY,TB,NYY,6
50,Chandler Simpson,802415,L,802415,ST,30.0,9.0,0.3,0.104,0.28049999999999997,0.667,0.067,78.256,0.0,25,0.0,0.04,0.56,0.28,0.08,0.167,0.0,8,0,1,0,TB@NYY,TB,NYY,6
52,Ben Williamson,810938,L,810938,CH,41.0,10.0,0.244,0.185,0.2586744186046511,0.596,0.07300000000000001,86.06071428571428,0.429,28,0.071,0.321,0.393,0.321,0.179,0.302,0.047,7,3,0,0,TB@NYY,TB,NYY,7
53,Ben Williamson,810938,L,810938,CU,19.0,6.0,0.316,0.095,0.31100000000000005,0.718,0.05199999999999999,85.93125,0.4,16,0.0,0.188,0.625,0.312,0.0,0.15,0.05,5,1,0,0,TB@NYY,TB,NYY,7
54,Ben Williamson,810938,L,810938,FC,18.0,6.0,0.333,0.048,0.38271428571428573,0.853,0.11099999999999999,82.42222222222222,0.5,18,0.056,0.389,0.667,0.167,0.167,0.045,0.091,4,2,0,0,TB@NYY,TB,NYY,7
55,Ben Williamson,810938,L,810938,FF,58.0,17.0,0.293,0.055,0.32331249999999995,0.733,0.08600000000000002,90.9608695652174,0.5,46,0.022,0.5,0.522,0.239,0.196,0.2,0.077,14,2,0,1,TB@NYY,TB,NYY,7
57,Ben Williamson,810938,L,810938,SI,36.0,5.0,0.139,0.033,0.19176923076923078,0.427,0.08299999999999999,86.56969696969698,0.667,33,0.061,0.455,0.818,0.091,0.091,0.077,0.077,3,1,1,0,TB@NYY,TB,NYY,7
58,Ben Williamson,810938,L,810938,SL,22.0,2.0,0.091,0.155,0.09559090909090907,0.227,0.04500000000000001,89.28571428571429,0.125,14,0.0,0.286,0.429,0.286,0.286,0.364,0.0,1,1,0,0,TB@NYY,TB,NYY,7
59,Ben Williamson,810938,L,810938,ST,10.0,2.0,0.2,0.125,0.2103,0.5,0.09999999999999998,87.47142857142856,0.5,7,0.0,0.286,0.429,0.143,0.429,0.3,0.0,1,1,0,0,TB@NYY,TB,NYY,7
61,Nick Fortes,663743,L,663743,CH,98.0,23.0,0.235,0.145,0.23723232323232324,0.554,0.08100000000000002,81.24074074074075,0.238,81,0.0,0.272,0.679,0.148,0.111,0.188,0.01,17,5,0,1,TB@NYY,TB,NYY,8
62,Nick Fortes,663743,L,663743,CU,28.0,9.0,0.321,0.066,0.36724999999999997,0.835,0.10799999999999998,85.09130434782608,0.444,23,0.0,0.391,0.522,0.261,0.13,0.156,0.031,6,3,0,0,TB@NYY,TB,NYY,8
63,Nick Fortes,663743,L,663743,FC,34.0,9.0,0.265,0.024,0.3391081081081081,0.787,0.20599999999999996,82.24285714285715,0.353,35,0.029,0.286,0.371,0.171,0.314,0.0,0.053,4,4,0,1,TB@NYY,TB,NYY,8
64,Nick Fortes,663743,L,663743,FF,121.0,31.0,0.256,0.07,0.30945801526717553,0.713,0.14900000000000002,85.38846153846154,0.458,104,0.038,0.365,0.212,0.26,0.308,0.143,0.068,17,12,0,2,TB@NYY,TB,NYY,8
66,Nick Fortes,663743,L,663743,SI,86.0,21.0,0.244,0.021,0.2612967032967033,0.591,0.07,86.815,0.346,80,0.025,0.425,0.575,0.162,0.162,0.096,0.053,17,3,0,1,TB@NYY,TB,NYY,8
67,Nick Fortes,663743,L,663743,SL,41.0,6.0,0.146,0.142,0.2468695652173913,0.556,0.171,86.63448275862069,0.429,29,0.069,0.345,0.414,0.31,0.172,0.261,0.087,3,1,0,2,TB@NYY,TB,NYY,8
68,Nick Fortes,663743,L,663743,ST,9.0,1.0,0.111,0.021,0.20990909090909093,0.384,0.0,72.175,0.333,8,0.0,0.125,0.375,0.125,0.25,0.091,0.0,1,0,0,0,TB@NYY,TB,NYY,8
70,Jorge Mateo,622761,L,622761,CH,82.0,17.0,0.207,0.257,0.22868292682926827,0.548,0.13400000000000004,82.47636363636363,0.192,55,0.018,0.145,0.473,0.273,0.2,0.329,0.0,11,3,1,2,TB@NYY,TB,NYY,9
71,Jorge Mateo,622761,L,622761,CU,44.0,9.0,0.205,0.176,0.2265227272727273,0.541,0.13600000000000004,85.1875,0.625,32,0.062,0.469,0.469,0.25,0.25,0.289,0.0,6,1,1,1,TB@NYY,TB,NYY,9
72,Jorge Mateo,622761,L,622761,FC,18.0,5.0,0.278,0.125,0.35614285714285715,0.825,0.16599999999999998,90.41428571428571,0.6,14,0.0,0.571,0.571,0.286,0.071,0.19,0.143,3,1,1,0,TB@NYY,TB,NYY,9
73,Jorge Mateo,622761,L,622761,FF,90.0,22.0,0.244,0.081,0.31639795918367347,0.739,0.189,91.96575342465754,0.49,73,0.082,0.452,0.219,0.233,0.466,0.173,0.082,11,8,0,3,TB@NYY,TB,NYY,9
75,Jorge Mateo,622761,L,622761,SI,41.0,11.0,0.268,0.048,0.3054444444444444,0.699,0.09799999999999998,86.25625,0.538,32,0.062,0.438,0.562,0.219,0.188,0.2,0.089,9,1,0,1,TB@NYY,TB,NYY,9
76,Jorge Mateo,622761,L,622761,SL,40.0,13.0,0.325,0.146,0.3519318181818181,0.811,0.09999999999999998,84.9258064516129,0.154,31,0.032,0.194,0.484,0.226,0.194,0.205,0.068,11,1,0,1,TB@NYY,TB,NYY,9
77,Jorge Mateo,622761,L,622761,ST,13.0,4.0,0.308,0.043,0.3804285714285714,0.895,0.23000000000000004,94.72999999999999,0.8,10,0.1,0.6,0.5,0.2,0.3,0.214,0.0,1,3,0,0,TB@NYY,TB,NYY,9
0,Ben Rice,700250,R,700250,CH,132.0,29.0,0.22,0.11,0.2924965517241379,0.672,0.166,88.16181818181818,0.475,110,0.109,0.391,0.427,0.282,0.255,0.156,0.082,19,4,0,6,TB@NYY,NYY,TB,1
2,Ben Rice,700250,R,700250,CU,77.0,17.0,0.221,0.137,0.34510227272727273,0.812,0.273,93.16666666666667,0.643,45,0.133,0.511,0.333,0.311,0.311,0.364,0.102,5,7,1,4,TB@NYY,NYY,TB,1
4,Ben Rice,700250,R,700250,FC,93.0,27.0,0.29,0.09,0.4186634615384615,1.007,0.35500000000000004,92.24615384615385,0.521,78,0.192,0.449,0.308,0.321,0.295,0.152,0.105,12,6,0,9,TB@NYY,NYY,TB,1
5,Ben Rice,700250,R,700250,FF,235.0,64.0,0.272,0.07,0.40154307116104865,0.961,0.33199999999999996,96.88688524590164,0.702,183,0.23,0.65,0.306,0.191,0.432,0.201,0.119,27,16,1,20,TB@NYY,NYY,TB,1
7,Ben Rice,700250,R,700250,SI,121.0,43.0,0.355,0.046,0.4426376811594203,1.049,0.265,94.7156862745098,0.672,102,0.147,0.559,0.373,0.333,0.265,0.15,0.093,28,6,1,8,TB@NYY,NYY,TB,1
8,Ben Rice,700250,R,700250,SL,100.0,22.0,0.22,0.147,0.35803999999999997,0.816,0.22,92.00153846153847,0.657,65,0.169,0.508,0.415,0.185,0.354,0.28,0.184,13,2,1,6,TB@NYY,NYY,TB,1
11,Cody Bellinger,641355,R,641355,CH,205.0,66.0,0.322,0.08,0.3596968325791855,0.842,0.15099999999999997,83.18279569892474,0.405,186,0.027,0.296,0.5,0.226,0.226,0.09,0.072,51,6,2,7,TB@NYY,NYY,TB,2
12,Cody Bellinger,641355,R,641355,CU,131.0,35.0,0.267,0.144,0.3571333333333333,0.862,0.30599999999999994,89.08556701030928,0.587,97,0.093,0.392,0.454,0.175,0.299,0.252,0.03,17,7,0,11,TB@NYY,NYY,TB,2
14,Cody Bellinger,641355,R,641355,FC,139.0,38.0,0.273,0.095,0.33475657894736843,0.779,0.173,88.6568,0.457,125,0.056,0.392,0.344,0.232,0.328,0.098,0.085,24,9,0,5,TB@NYY,NYY,TB,2
15,Cody Bellinger,641355,R,641355,FF,490.0,114.0,0.233,0.11,0.3172148014440433,0.727,0.17699999999999996,90.2229797979798,0.415,396,0.078,0.366,0.247,0.23,0.422,0.181,0.114,69,23,2,20,TB@NYY,NYY,TB,2
17,Cody Bellinger,641355,R,641355,PO,0.0,0.0,0.0,0.0,0.0,0.0,0.0,0.0,0.0,0,0.0,0.0,0.0,0.0,0.0,0.0,0.0,0,0,0,0,TB@NYY,NYY,TB,2
18,Cody Bellinger,641355,R,641355,SI,174.0,58.0,0.333,0.057,0.39678921568627445,0.912,0.15599999999999997,90.75189873417722,0.453,158,0.057,0.43,0.43,0.272,0.272,0.096,0.144,42,10,1,5,TB@NYY,NYY,TB,2
19,Cody Bellinger,641355,R,641355,SL,147.0,30.0,0.204,0.115,0.28782389937106917,0.67,0.204,88.2218487394958,0.4,119,0.092,0.353,0.269,0.21,0.42,0.181,0.05,16,6,0,8,TB@NYY,NYY,TB,2
22,Heliot Ramos,671218,R,671218,CH,44.0,12.0,0.273,0.094,0.30417021276595746,0.705,0.11299999999999999,88.91764705882352,0.625,34,0.059,0.441,0.412,0.235,0.235,0.213,0.064,9,2,0,1,TB@NYY,NYY,TB,3
23,Heliot Ramos,671218,R,671218,CU,94.0,25.0,0.266,0.162,0.3137142857142857,0.743,0.181,92.64925373134328,0.606,67,0.134,0.552,0.463,0.194,0.299,0.276,0.041,18,2,0,5,TB@NYY,NYY,TB,3
25,Heliot Ramos,671218,R,671218,FC,68.0,13.0,0.191,0.108,0.2532876712328767,0.578,0.14700000000000002,93.06984126984126,0.575,63,0.175,0.476,0.333,0.254,0.381,0.093,0.067,7,4,0,2,TB@NYY,NYY,TB,3
26,Heliot Ramos,671218,R,671218,FF,293.0,62.0,0.212,0.158,0.28797885196374623,0.653,0.13999999999999999,95.07977528089889,0.673,178,0.129,0.59,0.382,0.236,0.315,0.349,0.105,42,8,3,9,TB@NYY,NYY,TB,3
30,Heliot Ramos,671218,R,671218,SI,259.0,81.0,0.313,0.055,0.3572260273972603,0.818,0.11599999999999999,85.24739130434783,0.541,230,0.061,0.365,0.709,0.191,0.074,0.102,0.061,64,10,1,6,TB@NYY,NYY,TB,3
31,Heliot Ramos,671218,R,671218,SL,217.0,50.0,0.23,0.167,0.2618458149779736,0.609,0.11599999999999996,91.22830188679245,0.5,159,0.082,0.472,0.44,0.239,0.277,0.259,0.035,36,8,1,5,TB@NYY,NYY,TB,3
34,Luis Garcia Jr.,671277,R,671277,CH,289.0,75.0,0.26,0.131,0.2944251700680272,0.699,0.16899999999999998,84.23943089430895,0.429,246,0.065,0.28,0.528,0.248,0.179,0.152,0.017,51,11,1,12,TB@NYY,NYY,TB,4
36,Luis Garcia Jr.,671277,R,671277,CU,210.0,56.0,0.267,0.128,0.3197454545454546,0.753,0.19,89.87869822485207,0.566,169,0.089,0.426,0.462,0.266,0.225,0.197,0.045,33,14,1,8,TB@NYY,NYY,TB,4
38,Luis Garcia Jr.,671277,R,671277,FC,110.0,36.0,0.327,0.075,0.40566386554621847,0.969,0.26399999999999996,93.99306930693069,0.585,101,0.099,0.525,0.416,0.287,0.238,0.076,0.067,22,6,1,7,TB@NYY,NYY,TB,4
39,Luis Garcia Jr.,671277,R,671277,FF,366.0,108.0,0.295,0.073,0.3570226130653266,0.839,0.194,92.89777777777778,0.603,315,0.121,0.533,0.352,0.302,0.283,0.132,0.08,71,19,2,16,TB@NYY,NYY,TB,4
42,Luis Garcia Jr.,671277,R,671277,SI,181.0,59.0,0.326,0.055,0.4043015075376884,0.962,0.24899999999999994,90.99634146341464,0.643,164,0.104,0.506,0.567,0.183,0.244,0.085,0.09,36,12,0,11,TB@NYY,NYY,TB,4
43,Luis Garcia Jr.,671277,R,671277,SL,206.0,59.0,0.286,0.15,0.31596713615023475,0.747,0.15100000000000002,91.94779874213837,0.549,159,0.094,0.453,0.447,0.283,0.233,0.221,0.033,43,8,1,7,TB@NYY,NYY,TB,4
46,Spencer Jones,682987,R,682987,CH,33.0,6.0,0.182,0.277,0.21702941176470586,0.509,0.121,89.99375,0.6,16,0.125,0.375,0.375,0.375,0.25,0.5,0.029,4,1,0,1,TB@NYY,NYY,TB,5
47,Spencer Jones,682987,R,682987,CU,24.0,4.0,0.167,0.239,0.21104,0.484,0.12499999999999997,95.18333333333334,0.833,12,0.083,0.75,0.5,0.167,0.333,0.462,0.038,3,0,0,1,TB@NYY,NYY,TB,5
48,Spencer Jones,682987,R,682987,FC,9.0,3.0,0.333,0.14,0.590076923076923,1.538,0.667,89.10000000000001,0.5,6,0.333,0.333,0.0,0.0,0.667,0.231,0.308,1,0,0,2,TB@NYY,NYY,TB,5
49,Spencer Jones,682987,R,682987,FF,82.0,18.0,0.22,0.193,0.28076666666666666,0.643,0.13399999999999998,95.98867924528301,0.605,53,0.17,0.604,0.226,0.245,0.472,0.322,0.089,9,8,0,1,TB@NYY,NYY,TB,5
51,Spencer Jones,682987,R,682987,SI,17.0,5.0,0.294,0.174,0.40499999999999997,0.963,0.35300000000000004,100.27272727272727,0.857,11,0.273,0.727,0.364,0.182,0.455,0.368,0.053,3,0,0,2,TB@NYY,NYY,TB,5
52,Spencer Jones,682987,R,682987,SL,23.0,3.0,0.13,0.277,0.19825925925925925,0.389,0.0,95.12307692307692,0.75,13,0.0,0.692,0.231,0.308,0.308,0.37,0.148,3,0,0,0,TB@NYY,NYY,TB,5
55,Jazz Chisholm,665862,R,665862,CH,216.0,63.0,0.292,0.164,0.3410921052631579,0.803,0.185,87.47080745341614,0.476,161,0.068,0.373,0.59,0.18,0.211,0.248,0.052,41,13,0,9,TB@NYY,NYY,TB,6
57,Jazz Chisholm,665862,R,665862,CU,123.0,25.0,0.203,0.171,0.3259253731343283,0.779,0.309,89.87222222222222,0.75,72,0.181,0.556,0.375,0.167,0.389,0.385,0.074,9,4,2,10,TB@NYY,NYY,TB,6
59,Jazz Chisholm,665862,R,665862,FC,118.0,32.0,0.271,0.152,0.36964885496183203,0.878,0.263,87.41195652173913,0.609,92,0.141,0.435,0.435,0.163,0.337,0.198,0.099,19,4,0,9,TB@NYY,NYY,TB,6
60,Jazz Chisholm,665862,R,665862,FF,454.0,110.0,0.242,0.121,0.33132485322896277,0.77,0.203,91.21559633027523,0.609,327,0.128,0.489,0.349,0.199,0.349,0.253,0.109,67,17,3,23,TB@NYY,NYY,TB,6
63,Jazz Chisholm,665862,R,665862,SI,122.0,44.0,0.361,0.074,0.45918382352941167,1.106,0.31900000000000006,92.04845360824743,0.592,97,0.175,0.546,0.485,0.216,0.289,0.184,0.096,28,4,1,11,TB@NYY,NYY,TB,6
64,Jazz Chisholm,665862,R,665862,SL,129.0,25.0,0.194,0.19,0.3252066666666666,0.757,0.256,87.3223880597015,0.543,67,0.194,0.418,0.373,0.149,0.373,0.413,0.14,12,3,0,10,TB@NYY,NYY,TB,6
67,Anthony Volpe,683011,R,683011,CH,68.0,7.0,0.103,0.156,0.1409041095890411,0.296,0.029000000000000012,85.28604651162792,0.4,43,0.023,0.233,0.372,0.163,0.302,0.342,0.055,5,2,0,0,TB@NYY,NYY,TB,7
69,Anthony Volpe,683011,R,683011,CU,85.0,12.0,0.141,0.153,0.15688505747126436,0.361,0.059000000000000025,85.44716981132075,0.429,53,0.019,0.283,0.566,0.208,0.189,0.368,0.011,7,5,0,0,TB@NYY,NYY,TB,7
71,Anthony Volpe,683011,R,683011,FC,114.0,23.0,0.202,0.112,0.27049999999999996,0.629,0.175,88.88941176470588,0.5,85,0.118,0.4,0.388,0.247,0.318,0.244,0.065,13,5,0,5,TB@NYY,NYY,TB,7
72,Anthony Volpe,683011,R,683011,FF,358.0,82.0,0.229,0.143,0.3263634146341463,0.749,0.19799999999999998,92.84732142857142,0.679,224,0.121,0.576,0.335,0.237,0.375,0.334,0.118,48,14,3,17,TB@NYY,NYY,TB,7
74,Anthony Volpe,683011,R,683011,PO,0.0,0.0,0.0,0.0,0.0,0.0,0.0,0.0,0.0,0,0.0,0.0,0.0,0.0,0.0,0.0,0.0,0,0,0,0,TB@NYY,NYY,TB,7
75,Anthony Volpe,683011,R,683011,SI,288.0,81.0,0.281,0.065,0.34171562499999997,0.79,0.15999999999999998,86.02672064777327,0.456,247,0.057,0.356,0.538,0.255,0.162,0.139,0.09,56,13,3,9,TB@NYY,NYY,TB,7
76,Anthony Volpe,683011,R,683011,SL,306.0,60.0,0.196,0.136,0.23630094043887145,0.552,0.128,84.83922413793104,0.472,232,0.073,0.328,0.474,0.194,0.263,0.234,0.038,38,12,3,7,TB@NYY,NYY,TB,7
79,Austin Wells,669224,R,669224,CH,156.0,33.0,0.212,0.188,0.23357407407407407,0.536,0.089,83.05384615384615,0.412,117,0.051,0.291,0.462,0.256,0.179,0.259,0.036,25,5,0,3,TB@NYY,NYY,TB,8
81,Austin Wells,669224,R,669224,CU,72.0,18.0,0.25,0.104,0.30499999999999994,0.704,0.16699999999999998,88.14035087719299,0.429,57,0.053,0.351,0.404,0.211,0.281,0.225,0.062,11,4,1,2,TB@NYY,NYY,TB,8
83,Austin Wells,669224,R,669224,FC,60.0,18.0,0.3,0.138,0.4145945945945946,0.96,0.23300000000000004,90.04565217391306,0.552,46,0.109,0.435,0.348,0.283,0.348,0.2,0.147,10,5,0,3,TB@NYY,NYY,TB,8
84,Austin Wells,669224,R,669224,FF,268.0,63.0,0.235,0.108,0.3629394904458599,0.845,0.269,92.20909090909092,0.628,209,0.158,0.536,0.254,0.249,0.368,0.2,0.131,29,15,0,19,TB@NYY,NYY,TB,8
86,Austin Wells,669224,R,669224,SI,103.0,24.0,0.233,0.072,0.33837606837606843,0.791,0.233,90.82073170731708,0.548,82,0.098,0.439,0.427,0.183,0.329,0.179,0.12,12,6,0,6,TB@NYY,NYY,TB,8
87,Austin Wells,669224,R,669224,SL,102.0,15.0,0.147,0.174,0.2690423728813559,0.599,0.19600000000000004,91.17936507936508,0.558,63,0.159,0.476,0.254,0.175,0.508,0.339,0.124,7,2,0,6,TB@NYY,NYY,TB,8
90,Ryan McMahon,641857,R,641857,CH,223.0,52.0,0.233,0.14,0.2939075630252101,0.687,0.17499999999999996,89.49575757575757,0.538,165,0.103,0.4,0.503,0.194,0.291,0.25,0.062,31,11,2,8,TB@NYY,NYY,TB,9
91,Ryan McMahon,641857,R,641857,CU,175.0,37.0,0.211,0.22,0.29036956521739127,0.69,0.229,91.78958333333333,0.625,96,0.188,0.5,0.417,0.229,0.354,0.429,0.049,17,10,0,10,TB@NYY,NYY,TB,9
93,Ryan McMahon,641857,R,641857,FC,136.0,35.0,0.257,0.141,0.3285732484076433,0.744,0.133,86.69591836734695,0.543,98,0.071,0.429,0.49,0.235,0.235,0.247,0.127,25,6,0,4,TB@NYY,NYY,TB,9
94,Ryan McMahon,641857,R,641857,FF,468.0,124.0,0.265,0.119,0.3626391941391941,0.84,0.20699999999999996,94.11233766233765,0.561,308,0.149,0.532,0.312,0.305,0.331,0.295,0.142,72,29,1,22,TB@NYY,NYY,TB,9
97,Ryan McMahon,641857,R,641857,PO,0.0,0.0,0.0,0.0,0.0,0.0,0.0,0.0,0.0,0,0.0,0.0,0.0,0.0,0.0,0.0,0.0,0,0,0,0,TB@NYY,NYY,TB,9
99,Ryan McMahon,641857,R,641857,SI,113.0,21.0,0.186,0.088,0.2892932330827067,0.644,0.15000000000000002,92.93095238095238,0.486,84,0.119,0.56,0.548,0.226,0.214,0.218,0.15,14,2,0,5,TB@NYY,NYY,TB,9
100,Ryan McMahon,641857,R,641857,SL,190.0,39.0,0.205,0.224,0.2992268518518518,0.678,0.17900000000000002,92.33962264150944,0.607,106,0.113,0.528,0.453,0.274,0.255,0.398,0.113,22,8,1,8,TB@NYY,NYY,TB,9
0,Jackson Chourio,694192,L,694192,CH,97.0,31.0,0.32,0.137,0.3776831683168317,0.904,0.23700000000000004,82.62162162162163,0.607,74,0.108,0.311,0.595,0.203,0.176,0.228,0.04,21,3,1,6,MIL@SD,MIL,SD,1
3,Jackson Chourio,694192,L,694192,FC,27.0,7.0,0.259,0.175,0.37685714285714284,0.916,0.371,89.96666666666667,0.778,21,0.19,0.524,0.476,0.19,0.238,0.214,0.036,3,1,0,3,MIL@SD,MIL,SD,1
4,Jackson Chourio,694192,L,694192,FF,141.0,52.0,0.369,0.127,0.4318653846153846,1.025,0.22699999999999998,93.77297297297297,0.575,111,0.126,0.559,0.279,0.306,0.351,0.192,0.096,32,14,0,6,MIL@SD,MIL,SD,1
6,Jackson Chourio,694192,L,694192,SI,67.0,19.0,0.284,0.061,0.3662564102564102,0.848,0.17900000000000005,89.78545454545454,0.619,55,0.073,0.491,0.618,0.218,0.164,0.154,0.141,13,3,0,3,MIL@SD,MIL,SD,1
7,Jackson Chourio,694192,L,694192,SL,57.0,14.0,0.246,0.167,0.24089999999999998,0.546,0.017000000000000015,89.18333333333332,0.35,42,0.0,0.357,0.476,0.262,0.214,0.25,0.05,13,1,0,0,MIL@SD,MIL,SD,1
10,Brice Turang,668930,L,668930,CH,15.0,3.0,0.2,0.152,0.24826666666666666,0.6,0.2,90.15555555555555,1.0,9,0.111,0.444,0.778,0.222,0.0,0.4,0.0,2,0,0,1,MIL@SD,MIL,SD,2
13,Brice Turang,668930,L,668930,FC,31.0,9.0,0.29,0.099,0.3219714285714286,0.726,0.065,76.22307692307692,0.214,26,0.077,0.154,0.423,0.385,0.154,0.143,0.114,7,2,0,0,MIL@SD,MIL,SD,2
14,Brice Turang,668930,L,668930,FF,145.0,37.0,0.255,0.106,0.30234146341463414,0.673,0.08300000000000002,84.65714285714286,0.46,105,0.038,0.371,0.448,0.286,0.19,0.257,0.108,29,6,0,2,MIL@SD,MIL,SD,2
17,Brice Turang,668930,L,668930,SI,157.0,45.0,0.287,0.043,0.32470857142857146,0.738,0.09500000000000003,86.98992805755395,0.488,139,0.022,0.367,0.676,0.209,0.101,0.113,0.09,34,8,2,1,MIL@SD,MIL,SD,2
18,Brice Turang,668930,L,668930,SL,100.0,18.0,0.18,0.142,0.2224375,0.473,0.03,78.91470588235293,0.387,68,0.015,0.309,0.515,0.221,0.235,0.298,0.105,17,0,0,1,MIL@SD,MIL,SD,2
21,Jake Bauers,641343,L,641343,CH,9.0,2.0,0.222,0.314,0.2407,0.522,0.0,76.875,0.0,4,0.0,0.0,0.0,0.25,0.75,0.5,0.1,2,0,0,0,MIL@SD,MIL,SD,3
23,Jake Bauers,641343,L,641343,FC,12.0,3.0,0.25,0.07,0.27925,0.667,0.16699999999999998,95.22,0.571,10,0.2,0.6,0.3,0.2,0.5,0.167,0.0,1,2,0,0,MIL@SD,MIL,SD,3
24,Jake Bauers,641343,L,641343,FF,56.0,16.0,0.286,0.125,0.4394142857142857,1.054,0.339,85.17560975609756,0.773,41,0.22,0.512,0.268,0.268,0.268,0.214,0.2,6,5,1,4,MIL@SD,MIL,SD,3
26,Jake Bauers,641343,L,641343,SI,57.0,11.0,0.193,0.077,0.2731076923076923,0.608,0.123,82.79318181818182,0.333,44,0.045,0.295,0.614,0.182,0.159,0.2,0.092,8,1,0,2,MIL@SD,MIL,SD,3
27,Jake Bauers,641343,L,641343,SL,40.0,13.0,0.325,0.15,0.3593777777777778,0.825,0.09999999999999998,87.008,0.462,25,0.0,0.4,0.44,0.2,0.32,0.333,0.111,9,4,0,0,MIL@SD,MIL,SD,3
29,William Contreras,661388,L,661388,CH,126.0,38.0,0.302,0.153,0.3386496350364963,0.779,0.127,83.9872549019608,0.686,102,0.049,0.382,0.618,0.196,0.147,0.193,0.071,30,4,0,4,MIL@SD,MIL,SD,4
32,William Contreras,661388,L,661388,FC,51.0,17.0,0.333,0.133,0.3842321428571428,0.903,0.177,94.6609756097561,0.722,41,0.098,0.561,0.537,0.22,0.22,0.179,0.089,12,3,0,2,MIL@SD,MIL,SD,4
33,William Contreras,661388,L,661388,FF,172.0,53.0,0.308,0.104,0.39966341463414634,0.927,0.20400000000000001,91.96595744680852,0.638,141,0.092,0.504,0.362,0.291,0.277,0.159,0.159,32,14,0,7,MIL@SD,MIL,SD,4
35,William Contreras,661388,L,661388,SI,76.0,23.0,0.303,0.069,0.35577647058823525,0.811,0.14400000000000002,92.70857142857143,0.633,70,0.057,0.457,0.557,0.229,0.2,0.102,0.102,14,8,0,1,MIL@SD,MIL,SD,4
36,William Contreras,661388,L,661388,SL,90.0,25.0,0.278,0.131,0.37178431372549015,0.874,0.23299999999999998,93.47121212121213,0.677,66,0.121,0.561,0.455,0.212,0.258,0.235,0.108,14,6,0,5,MIL@SD,MIL,SD,4
39,Gary Sanchez,596142,L,596142,CH,60.0,10.0,0.167,0.209,0.2743076923076923,0.644,0.24999999999999997,88.74249999999999,0.562,40,0.15,0.4,0.6,0.1,0.3,0.318,0.076,5,0,0,5,MIL@SD,MIL,SD,5
41,Gary Sanchez,596142,L,596142,FC,32.0,9.0,0.281,0.079,0.37762857142857137,0.905,0.281,90.29666666666667,0.562,30,0.133,0.5,0.3,0.167,0.367,0.057,0.086,5,1,1,2,MIL@SD,MIL,SD,5
42,Gary Sanchez,596142,L,596142,FF,99.0,25.0,0.253,0.067,0.36157522123893804,0.847,0.252,90.99634146341464,0.571,82,0.11,0.488,0.341,0.171,0.341,0.158,0.105,16,1,0,8,MIL@SD,MIL,SD,5
44,Gary Sanchez,596142,L,596142,SI,50.0,16.0,0.32,0.061,0.47222413793103446,1.147,0.42,94.15813953488373,0.731,43,0.186,0.581,0.302,0.279,0.326,0.136,0.136,7,3,0,6,MIL@SD,MIL,SD,5
45,Gary Sanchez,596142,L,596142,SL,37.0,7.0,0.189,0.167,0.3095333333333333,0.684,0.16199999999999998,94.82916666666667,0.538,24,0.083,0.542,0.458,0.333,0.208,0.289,0.156,3,3,0,1,MIL@SD,MIL,SD,5
48,Luis Lara,800325,L,800325,CH,8.0,1.0,0.125,0.051,0.17244444444444446,0.347,0.0,82.6875,0.333,8,0.0,0.375,0.5,0.0,0.375,0.0,0.111,1,0,0,0,MIL@SD,MIL,SD,6
50,Luis Lara,800325,L,800325,FC,6.0,2.0,0.333,0.045,0.285,0.666,0.0,71.66666666666667,0.0,6,0.0,0.167,0.5,0.0,0.167,0.0,0.0,2,0,0,0,MIL@SD,MIL,SD,6
51,Luis Lara,800325,L,800325,FF,13.0,5.0,0.385,0.036,0.46271428571428574,1.121,0.30699999999999994,95.69,0.667,10,0.0,0.6,0.6,0.3,0.0,0.214,0.071,2,2,1,0,MIL@SD,MIL,SD,6
53,Luis Lara,800325,L,800325,SI,17.0,3.0,0.176,0.069,0.20305555555555557,0.457,0.059,92.36666666666667,0.167,12,0.0,0.333,0.5,0.5,0.0,0.278,0.056,2,1,0,0,MIL@SD,MIL,SD,6
54,Luis Lara,800325,L,800325,SL,8.0,2.0,0.25,0.107,0.26744444444444443,0.583,0.0,90.72857142857143,0.0,7,0.0,0.429,0.857,0.143,0.0,0.111,0.111,2,0,0,0,MIL@SD,MIL,SD,6
56,Cooper Pratt,806198,L,806198,CH,14.0,3.0,0.214,0.065,0.23464285714285715,0.544,0.143,70.46666666666667,0.0,15,0.0,0.067,0.733,0.067,0.2,0.062,0.0,2,0,1,0,MIL@SD,MIL,SD,7
58,Cooper Pratt,806198,L,806198,FC,5.0,1.0,0.2,0.095,0.32557142857142857,0.629,0.0,95.225,0.0,4,0.0,0.25,0.5,0.25,0.25,0.143,0.143,1,0,0,0,MIL@SD,MIL,SD,7
59,Cooper Pratt,806198,L,806198,FF,19.0,4.0,0.211,0.115,0.20585,0.449,0.0,74.77142857142857,0.167,14,0.0,0.071,0.5,0.286,0.143,0.286,0.048,4,0,0,0,MIL@SD,MIL,SD,7
61,Cooper Pratt,806198,L,806198,SI,9.0,1.0,0.111,0.095,0.1552,0.293,0.0,86.5,0.75,6,0.0,0.5,0.333,0.5,0.167,0.364,0.091,1,0,0,0,MIL@SD,MIL,SD,7
62,Cooper Pratt,806198,L,806198,SL,3.0,1.0,0.333,0.1,0.285,0.666,0.0,88.53333333333335,0.0,3,0.0,0.333,0.333,0.333,0.333,0.0,0.0,1,0,0,0,MIL@SD,MIL,SD,7
64,Brandon Lockridge,663604,L,663604,CH,23.0,2.0,0.087,0.298,0.1556,0.334,0.087,74.56666666666666,0.333,15,0.0,0.267,0.8,0.067,0.133,0.32,0.08,0,2,0,0,MIL@SD,MIL,SD,8
67,Brandon Lockridge,663604,L,663604,FC,4.0,3.0,0.75,0.065,0.6524,1.55,0.0,80.875,0.0,4,0.0,0.5,1.0,0.0,0.0,0.0,0.2,3,0,0,0,MIL@SD,MIL,SD,8
68,Brandon Lockridge,663604,L,663604,FF,28.0,7.0,0.25,0.099,0.32121875,0.726,0.14300000000000002,84.31666666666666,0.273,18,0.0,0.333,0.389,0.222,0.389,0.333,0.121,4,2,1,0,MIL@SD,MIL,SD,8
70,Brandon Lockridge,663604,L,663604,SI,15.0,2.0,0.133,0.097,0.114,0.258,0.0,69.93333333333334,0.0,9,0.0,0.111,0.778,0.0,0.111,0.438,0.0,2,0,0,0,MIL@SD,MIL,SD,8
71,Brandon Lockridge,663604,L,663604,SL,17.0,5.0,0.294,0.229,0.3624444444444444,0.862,0.23500000000000004,96.56666666666666,0.857,12,0.25,0.75,0.417,0.25,0.333,0.278,0.056,3,1,0,1,MIL@SD,MIL,SD,8
74,David Hamilton,666152,L,666152,CH,3.0,0.0,0.0,0.308,0.0,0.0,0.0,0.0,0.0,0,0.0,0.0,0.0,0.0,0.0,1.0,0.0,0,0,0,0,MIL@SD,MIL,SD,9
76,David Hamilton,666152,L,666152,FC,9.0,2.0,0.222,0.071,0.19,0.422,0.0,70.7375,1.0,8,0.0,0.125,0.75,0.125,0.0,0.2,0.0,2,0,0,0,MIL@SD,MIL,SD,9
77,David Hamilton,666152,L,666152,FF,37.0,6.0,0.162,0.132,0.197,0.448,0.08099999999999999,81.72399999999999,0.357,25,0.04,0.32,0.36,0.24,0.32,0.308,0.051,5,0,0,1,MIL@SD,MIL,SD,9
79,David Hamilton,666152,L,666152,SI,39.0,14.0,0.359,0.072,0.3947555555555555,0.879,0.10300000000000004,79.21794871794872,0.2,39,0.026,0.154,0.615,0.308,0.077,0.062,0.083,12,1,0,1,MIL@SD,MIL,SD,9
80,David Hamilton,666152,L,666152,SL,32.0,7.0,0.219,0.235,0.21159375000000002,0.5,0.06200000000000003,74.41666666666667,0.444,18,0.0,0.278,0.389,0.333,0.167,0.438,0.0,5,2,0,0,MIL@SD,MIL,SD,9
0,Fernando Tatis Jr.,665487,L,665487,CH,121.0,25.0,0.207,0.185,0.2824222222222222,0.644,0.148,90.50999999999999,0.821,90,0.122,0.5,0.544,0.244,0.189,0.23,0.104,15,6,0,4,MIL@SD,SD,MIL,1
2,Fernando Tatis Jr.,665487,L,665487,CU,46.0,10.0,0.217,0.133,0.2979423076923077,0.678,0.153,88.89999999999999,0.556,34,0.029,0.441,0.471,0.235,0.294,0.231,0.096,5,4,0,1,MIL@SD,SD,MIL,1
4,Fernando Tatis Jr.,665487,L,665487,FF,162.0,51.0,0.315,0.091,0.40936649214659687,0.958,0.22800000000000004,92.90601503759399,0.6,133,0.135,0.534,0.353,0.211,0.353,0.161,0.145,34,7,0,10,MIL@SD,SD,MIL,1
6,Fernando Tatis Jr.,665487,L,665487,SI,63.0,23.0,0.365,0.066,0.42607792207792206,0.989,0.14300000000000002,95.81153846153846,0.667,52,0.096,0.635,0.577,0.308,0.096,0.143,0.182,18,2,2,1,MIL@SD,SD,MIL,1
7,Fernando Tatis Jr.,665487,L,665487,SL,54.0,13.0,0.241,0.127,0.3663230769230769,0.85,0.24,92.14,0.526,35,0.171,0.543,0.429,0.229,0.314,0.292,0.169,8,1,0,4,MIL@SD,SD,MIL,1
10,Austin Hays,669720,L,669720,CH,87.0,22.0,0.253,0.217,0.29304395604395606,0.682,0.14900000000000002,83.596875,0.394,64,0.047,0.312,0.469,0.297,0.219,0.269,0.043,13,7,0,2,MIL@SD,SD,MIL,2
12,Austin Hays,669720,L,669720,CU,46.0,10.0,0.217,0.176,0.28944,0.671,0.17400000000000002,89.05,0.357,30,0.1,0.333,0.5,0.2,0.267,0.32,0.06,6,2,0,2,MIL@SD,SD,MIL,2
14,Austin Hays,669720,L,669720,FF,99.0,43.0,0.434,0.058,0.5151929824561403,1.237,0.303,92.08426966292134,0.593,89,0.135,0.449,0.236,0.315,0.348,0.103,0.129,24,12,3,4,MIL@SD,SD,MIL,2
16,Austin Hays,669720,L,669720,SI,41.0,18.0,0.439,0.074,0.45831818181818185,1.087,0.17099999999999999,92.29166666666667,0.667,36,0.111,0.556,0.528,0.306,0.111,0.114,0.068,12,5,1,0,MIL@SD,SD,MIL,2
17,Austin Hays,669720,L,669720,SL,51.0,13.0,0.255,0.205,0.28933333333333333,0.669,0.118,92.57741935483871,0.667,31,0.097,0.516,0.419,0.226,0.258,0.37,0.019,7,6,0,0,MIL@SD,SD,MIL,2
20,Manny Machado,592518,L,592518,CH,124.0,31.0,0.25,0.142,0.28380769230769226,0.661,0.129,87.11792452830188,0.5,106,0.094,0.368,0.462,0.198,0.217,0.145,0.046,23,4,0,4,MIL@SD,SD,MIL,3
21,Manny Machado,592518,L,592518,CU,53.0,14.0,0.264,0.123,0.3667241379310344,0.875,0.28300000000000003,88.0725,0.524,40,0.075,0.425,0.35,0.25,0.275,0.224,0.086,7,3,0,4,MIL@SD,SD,MIL,3
23,Manny Machado,592518,L,592518,FF,176.0,45.0,0.256,0.126,0.36722,0.863,0.267,95.23488372093023,0.463,129,0.163,0.519,0.233,0.271,0.465,0.246,0.113,24,8,0,13,MIL@SD,SD,MIL,3
25,Manny Machado,592518,L,592518,SI,74.0,22.0,0.297,0.076,0.3426136363636364,0.76,0.05399999999999999,93.10666666666665,0.682,60,0.05,0.583,0.6,0.217,0.15,0.159,0.148,20,1,0,1,MIL@SD,SD,MIL,3
26,Manny Machado,592518,L,592518,SL,65.0,16.0,0.246,0.137,0.32822535211267606,0.772,0.21600000000000003,92.52765957446809,0.444,47,0.17,0.426,0.34,0.298,0.277,0.254,0.085,8,5,0,3,MIL@SD,SD,MIL,3
29,Ty France,664034,L,664034,CH,117.0,33.0,0.282,0.195,0.30115126050420166,0.713,0.137,88.73510638297873,0.475,94,0.043,0.436,0.532,0.277,0.149,0.193,0.017,23,7,0,3,MIL@SD,SD,MIL,4
30,Ty France,664034,L,664034,CU,52.0,10.0,0.192,0.194,0.23880357142857142,0.534,0.09599999999999997,94.27058823529411,0.529,34,0.059,0.471,0.471,0.235,0.265,0.333,0.018,7,2,0,1,MIL@SD,SD,MIL,4
33,Ty France,664034,L,664034,FF,164.0,45.0,0.274,0.097,0.3438263157894737,0.779,0.13499999999999995,88.46535433070866,0.479,127,0.094,0.402,0.386,0.283,0.276,0.203,0.099,30,11,1,3,MIL@SD,SD,MIL,4
35,Ty France,664034,L,664034,SI,56.0,16.0,0.286,0.09,0.30125806451612896,0.676,0.03500000000000003,93.88958333333333,0.55,48,0.042,0.5,0.542,0.333,0.083,0.129,0.081,14,2,0,0,MIL@SD,SD,MIL,4
36,Ty France,664034,L,664034,SL,64.0,12.0,0.188,0.186,0.26755072463768115,0.621,0.187,93.88958333333333,0.679,48,0.146,0.562,0.312,0.229,0.354,0.232,0.043,6,3,0,3,MIL@SD,SD,MIL,4
39,Jackson Merrill,701538,L,701538,CH,21.0,4.0,0.19,0.24,0.2263913043478261,0.499,0.04799999999999999,88.7,1.0,10,0.0,0.5,0.7,0.0,0.2,0.478,0.087,3,1,0,0,MIL@SD,SD,MIL,5
41,Jackson Merrill,701538,L,701538,CU,41.0,8.0,0.195,0.124,0.20468292682926828,0.483,0.09799999999999998,87.65142857142858,0.421,35,0.086,0.343,0.429,0.2,0.343,0.167,0.0,6,1,0,1,MIL@SD,SD,MIL,5
44,Jackson Merrill,701538,L,701538,FF,122.0,36.0,0.295,0.147,0.35018045112781954,0.818,0.17200000000000004,92.37640449438203,0.6,89,0.124,0.528,0.315,0.326,0.292,0.254,0.082,22,10,1,3,MIL@SD,SD,MIL,5
46,Jackson Merrill,701538,L,701538,SI,113.0,33.0,0.292,0.091,0.3309834710743802,0.773,0.14200000000000002,87.66344086021505,0.6,93,0.086,0.409,0.538,0.258,0.172,0.165,0.058,23,7,0,3,MIL@SD,SD,MIL,5
47,Jackson Merrill,701538,L,701538,SL,113.0,24.0,0.212,0.16,0.23206194690265486,0.556,0.13299999999999998,85.19111111111111,0.468,90,0.078,0.344,0.456,0.222,0.3,0.211,0.0,17,2,2,3,MIL@SD,SD,MIL,5
50,Xander Bogaerts,593428,L,593428,CH,109.0,31.0,0.284,0.163,0.3040869565217391,0.701,0.10100000000000003,85.49111111111111,0.419,90,0.056,0.333,0.644,0.133,0.211,0.179,0.051,24,5,0,2,MIL@SD,SD,MIL,6
52,Xander Bogaerts,593428,L,593428,CU,41.0,10.0,0.244,0.076,0.3111777777777777,0.719,0.17099999999999999,86.746875,0.353,32,0.062,0.312,0.469,0.25,0.281,0.217,0.087,6,2,1,1,MIL@SD,SD,MIL,6
54,Xander Bogaerts,593428,L,593428,FF,193.0,50.0,0.259,0.054,0.3027641509433962,0.689,0.10899999999999999,93.13908045977011,0.516,174,0.08,0.483,0.408,0.224,0.31,0.102,0.088,35,12,0,3,MIL@SD,SD,MIL,6
56,Xander Bogaerts,593428,L,593428,SI,96.0,23.0,0.24,0.031,0.27408333333333335,0.605,0.041000000000000036,92.9093023255814,0.432,86,0.035,0.442,0.558,0.244,0.186,0.093,0.111,19,4,0,0,MIL@SD,SD,MIL,6
57,Xander Bogaerts,593428,L,593428,SL,40.0,9.0,0.225,0.115,0.23511904761904762,0.525,0.05000000000000002,90.33103448275861,0.286,29,0.034,0.345,0.483,0.276,0.207,0.295,0.045,7,2,0,0,MIL@SD,SD,MIL,6
60,Luis Campusano,669134,L,669134,CH,31.0,6.0,0.194,0.096,0.21831250000000002,0.502,0.09599999999999997,85.54444444444444,0.3,27,0.074,0.185,0.481,0.148,0.222,0.152,0.03,5,0,0,1,MIL@SD,SD,MIL,7
62,Luis Campusano,669134,L,669134,CU,16.0,5.0,0.312,0.043,0.46905,1.138,0.37599999999999995,89.89230769230768,0.625,13,0.231,0.462,0.308,0.308,0.308,0.15,0.2,3,0,0,2,MIL@SD,SD,MIL,7
64,Luis Campusano,669134,L,669134,FF,62.0,15.0,0.242,0.059,0.2958695652173913,0.674,0.11299999999999999,88.13888888888889,0.464,54,0.037,0.333,0.333,0.185,0.333,0.116,0.101,12,1,0,2,MIL@SD,SD,MIL,7
66,Luis Campusano,669134,L,669134,SI,25.0,6.0,0.24,0.037,0.3133214285714286,0.721,0.16000000000000003,82.02857142857142,0.556,21,0.048,0.381,0.524,0.19,0.238,0.143,0.107,4,1,0,1,MIL@SD,SD,MIL,7
67,Luis Campusano,669134,L,669134,SL,14.0,4.0,0.286,0.184,0.4562777777777777,1.087,0.35700000000000004,89.4,0.6,10,0.1,0.5,0.4,0.3,0.2,0.222,0.111,1,2,0,1,MIL@SD,SD,MIL,7
70,Samad Taylor,669392,L,669392,CH,12.0,3.0,0.25,0.271,0.27375,0.648,0.16699999999999998,77.93333333333334,0.2,9,0.0,0.111,0.444,0.111,0.444,0.308,0.0,2,0,1,0,MIL@SD,SD,MIL,8
71,Samad Taylor,669392,L,669392,CU,6.0,2.0,0.333,0.115,0.285,0.666,0.0,72.6,0.0,4,0.0,0.0,0.5,0.5,0.0,0.333,0.0,2,0,0,0,MIL@SD,SD,MIL,8
73,Samad Taylor,669392,L,669392,FF,36.0,13.0,0.361,0.094,0.37539999999999996,0.859,0.08300000000000002,76.55,0.462,28,0.071,0.25,0.536,0.143,0.321,0.22,0.098,11,1,1,0,MIL@SD,SD,MIL,8
75,Samad Taylor,669392,L,669392,SI,8.0,3.0,0.375,0.028,0.4709,1.08,0.25,49.699999999999996,1.0,7,0.143,0.143,0.857,0.0,0.143,0.182,0.091,2,0,1,0,MIL@SD,SD,MIL,8
76,Samad Taylor,669392,L,669392,SL,10.0,1.0,0.1,0.121,0.08549999999999999,0.2,0.0,89.68333333333334,0.5,6,0.0,0.333,0.333,0.5,0.167,0.4,0.0,1,0,0,0,MIL@SD,SD,MIL,8
79,Jake Cronenworth,630105,L,630105,CH,27.0,5.0,0.185,0.241,0.1728888888888889,0.407,0.037000000000000005,80.14666666666668,0.143,15,0.0,0.2,0.4,0.333,0.133,0.444,0.0,4,1,0,0,MIL@SD,SD,MIL,9
80,Jake Cronenworth,630105,L,630105,CU,34.0,7.0,0.206,0.097,0.24680555555555556,0.561,0.11800000000000002,78.23703703703704,0.385,27,0.0,0.185,0.407,0.222,0.259,0.237,0.053,4,2,1,0,MIL@SD,SD,MIL,9
82,Jake Cronenworth,630105,L,630105,FF,131.0,34.0,0.26,0.051,0.3432976190476191,0.731,0.05299999999999999,90.60882352941177,0.39,102,0.01,0.402,0.353,0.314,0.265,0.182,0.188,30,2,1,1,MIL@SD,SD,MIL,9
84,Jake Cronenworth,630105,L,630105,SI,136.0,37.0,0.272,0.051,0.3264444444444445,0.738,0.118,77.66050420168068,0.424,119,0.034,0.252,0.681,0.193,0.084,0.116,0.045,28,5,1,3,MIL@SD,SD,MIL,9
85,Jake Cronenworth,630105,L,630105,SL,107.0,16.0,0.15,0.129,0.19046491228070173,0.424,0.07400000000000001,82.67105263157895,0.235,76,0.026,0.158,0.474,0.132,0.316,0.278,0.052,10,5,0,1,MIL@SD,SD,MIL,9
