,Player,HID,p_throws,batter,pitch_type,AB,H,AVG,SwStr%,wOBA,OPS,ISO,EV,Air Hard%,BIP,Brl%,Hard%,GB%,LD%,FB%,K%,BB%,1B,2B,3B,HR,Game,Team,Opp,Spot
1,C.J. Abrams,682928,R,682928,CU,90.0,19.0,0.211,0.139,0.2864432989690721,0.663,0.18900000000000003,90.35967741935484,0.588,62,0.081,0.452,0.387,0.274,0.274,0.303,0.051,10,5,0,4,WSH@ATL,WSH,ATL,1
3,C.J. Abrams,682928,R,682928,FF,282.0,78.0,0.277,0.096,0.3575718849840256,0.839,0.21599999999999997,88.68493723849373,0.528,239,0.105,0.418,0.339,0.213,0.318,0.143,0.073,48,12,5,13,WSH@ATL,WSH,ATL,1
5,C.J. Abrams,682928,R,682928,FS,42.0,10.0,0.238,0.156,0.2592380952380952,0.619,0.14300000000000002,84.67941176470588,0.6,34,0.088,0.412,0.559,0.265,0.176,0.19,0.0,6,3,0,1,WSH@ATL,WSH,ATL,1
10,C.J. Abrams,682928,R,682928,SL,110.0,20.0,0.182,0.172,0.2610504201680673,0.606,0.182,87.46666666666667,0.512,78,0.064,0.385,0.359,0.205,0.321,0.275,0.05,9,5,3,3,WSH@ATL,WSH,ATL,1
15,James Wood,695578,R,695578,CU,36.0,5.0,0.139,0.15,0.19958536585365852,0.411,0.027999999999999997,83.38823529411764,0.222,17,0.059,0.235,0.471,0.235,0.294,0.463,0.098,4,1,0,0,WSH@ATL,WSH,ATL,2
17,James Wood,695578,R,695578,FF,90.0,29.0,0.322,0.091,0.4547692307692307,1.102,0.36699999999999994,100.19166666666666,0.867,60,0.233,0.733,0.5,0.267,0.233,0.288,0.135,13,7,1,8,WSH@ATL,WSH,ATL,2
19,James Wood,695578,R,695578,FS,13.0,3.0,0.231,0.179,0.31193333333333334,0.718,0.154,69.48888888888888,0.0,9,0.0,0.0,0.556,0.222,0.111,0.267,0.133,2,0,1,0,WSH@ATL,WSH,ATL,2
22,James Wood,695578,R,695578,SL,24.0,4.0,0.167,0.17,0.3306666666666666,0.75,0.24999999999999997,88.82000000000001,1.0,10,0.3,0.6,0.6,0.1,0.3,0.467,0.2,2,0,0,2,WSH@ATL,WSH,ATL,2
27,Nathaniel Lowe,663993,R,663993,CU,83.0,20.0,0.241,0.1,0.3179130434782608,0.734,0.181,91.48852459016393,0.677,61,0.098,0.459,0.426,0.279,0.23,0.247,0.075,13,3,0,4,WSH@ATL,WSH,ATL,3
30,Nathaniel Lowe,663993,R,663993,FF,329.0,102.0,0.31,0.092,0.3954924623115577,0.913,0.173,90.48983050847457,0.452,236,0.064,0.436,0.398,0.339,0.233,0.234,0.163,70,18,3,11,WSH@ATL,WSH,ATL,3
32,Nathaniel Lowe,663993,R,663993,FS,38.0,7.0,0.184,0.115,0.25740909090909087,0.552,0.07900000000000001,87.89642857142857,0.909,28,0.036,0.536,0.607,0.25,0.143,0.244,0.133,6,0,0,1,WSH@ATL,WSH,ATL,3
35,Nathaniel Lowe,663993,R,663993,SL,125.0,30.0,0.24,0.121,0.3194621212121212,0.76,0.24,89.8075,0.46,80,0.125,0.412,0.3,0.238,0.388,0.341,0.045,18,3,0,9,WSH@ATL,WSH,ATL,3
39,Keibert Ruiz,660688,R,660688,CU,87.0,16.0,0.184,0.103,0.21231521739130432,0.481,0.069,86.60434782608695,0.3,69,0.014,0.275,0.377,0.348,0.232,0.196,0.043,12,3,0,1,WSH@ATL,WSH,ATL,4
41,Keibert Ruiz,660688,R,660688,FF,234.0,66.0,0.282,0.04,0.3567272727272728,0.845,0.22700000000000004,87.77547169811321,0.344,212,0.08,0.302,0.217,0.259,0.358,0.087,0.071,41,11,0,14,WSH@ATL,WSH,ATL,4
43,Keibert Ruiz,660688,R,660688,FS,51.0,10.0,0.196,0.109,0.17535294117647057,0.412,0.01999999999999999,83.71395348837208,0.455,43,0.0,0.326,0.581,0.163,0.093,0.157,0.0,9,1,0,0,WSH@ATL,WSH,ATL,4
46,Keibert Ruiz,660688,R,660688,SL,108.0,27.0,0.25,0.125,0.31110344827586206,0.725,0.176,83.46923076923076,0.271,91,0.055,0.242,0.418,0.297,0.231,0.154,0.051,18,4,0,5,WSH@ATL,WSH,ATL,4
50,Amed Rosario,642708,R,642708,CU,33.0,8.0,0.242,0.203,0.24479411764705883,0.568,0.061,86.46249999999999,0.5,24,0.0,0.375,0.625,0.208,0.125,0.265,0.029,6,2,0,0,WSH@ATL,WSH,ATL,5
52,Amed Rosario,642708,R,642708,FF,118.0,26.0,0.22,0.116,0.2950735294117647,0.663,0.11900000000000002,90.88172043010752,0.442,93,0.032,0.419,0.376,0.28,0.28,0.184,0.11,19,2,3,2,WSH@ATL,WSH,ATL,5
53,Amed Rosario,642708,R,642708,FS,11.0,5.0,0.455,0.122,0.38863636363636367,0.91,0.0,79.85,0.0,8,0.0,0.25,0.75,0.25,0.0,0.273,0.0,5,0,0,0,WSH@ATL,WSH,ATL,5
57,Amed Rosario,642708,R,642708,SL,147.0,37.0,0.252,0.156,0.2555733333333333,0.596,0.08100000000000002,85.15277777777777,0.436,108,0.019,0.315,0.583,0.222,0.139,0.27,0.02,30,4,1,2,WSH@ATL,WSH,ATL,5
61,Josh Bell,605137,R,605137,CU,71.0,17.0,0.239,0.132,0.29305333333333333,0.688,0.16899999999999998,89.39056603773585,0.56,53,0.113,0.491,0.434,0.245,0.226,0.24,0.053,11,3,0,3,WSH@ATL,WSH,ATL,6
63,Josh Bell,605137,R,605137,FF,261.0,74.0,0.284,0.1,0.3645118644067797,0.851,0.203,90.98867924528301,0.648,212,0.099,0.514,0.458,0.226,0.283,0.168,0.108,48,12,1,13,WSH@ATL,WSH,ATL,6
65,Josh Bell,605137,R,605137,FS,41.0,10.0,0.244,0.147,0.2664761904761904,0.622,0.122,84.10645161290323,0.333,31,0.065,0.29,0.452,0.226,0.258,0.233,0.023,7,2,0,1,WSH@ATL,WSH,ATL,6
69,Josh Bell,605137,R,605137,SL,105.0,17.0,0.162,0.165,0.2741639344262295,0.605,0.171,86.94507042253521,0.417,71,0.085,0.394,0.577,0.099,0.239,0.28,0.112,9,3,0,5,WSH@ATL,WSH,ATL,6
73,Dylan Crews,686611,R,686611,CU,7.0,1.0,0.143,0.132,0.12214285714285714,0.286,0.0,76.525,1.0,4,0.0,0.25,0.75,0.0,0.25,0.429,0.0,1,0,0,0,WSH@ATL,WSH,ATL,7
75,Dylan Crews,686611,R,686611,FF,41.0,10.0,0.244,0.107,0.37495918367346937,0.879,0.268,92.00571428571428,0.778,35,0.2,0.514,0.457,0.171,0.343,0.122,0.143,4,3,1,2,WSH@ATL,WSH,ATL,7
77,Dylan Crews,686611,R,686611,FS,3.0,0.0,0.0,0.222,0.0,0.0,0.0,78.6,0.0,2,0.0,0.5,1.0,0.0,0.0,0.333,0.0,0,0,0,0,WSH@ATL,WSH,ATL,7
79,Dylan Crews,686611,R,686611,SL,38.0,1.0,0.026,0.182,0.05622499999999999,0.101,0.0,86.77391304347826,0.5,23,0.043,0.261,0.522,0.261,0.174,0.375,0.05,1,0,0,0,WSH@ATL,WSH,ATL,7
83,Jose Tena,677588,R,677588,CU,18.0,3.0,0.167,0.197,0.27057894736842103,0.655,0.277,86.9,0.333,8,0.125,0.375,0.625,0.125,0.25,0.526,0.053,1,0,1,1,WSH@ATL,WSH,ATL,8
85,Jose Tena,677588,R,677588,FF,58.0,22.0,0.379,0.076,0.3797258064516129,0.885,0.08700000000000002,93.36595744680851,0.64,47,0.106,0.574,0.426,0.298,0.234,0.177,0.065,19,2,0,1,WSH@ATL,WSH,ATL,8
87,Jose Tena,677588,R,677588,FS,13.0,0.0,0.0,0.122,0.0,0.0,0.0,82.46666666666667,0.5,9,0.0,0.222,0.778,0.111,0.111,0.308,0.0,0,0,0,0,WSH@ATL,WSH,ATL,8
90,Jose Tena,677588,R,677588,SL,34.0,4.0,0.118,0.212,0.15555555555555556,0.343,0.057999999999999996,88.55,0.714,20,0.0,0.45,0.65,0.2,0.15,0.389,0.056,2,2,0,0,WSH@ATL,WSH,ATL,8
95,Jacob Young,696285,R,696285,CU,34.0,9.0,0.265,0.13,0.29619999999999996,0.698,0.14699999999999996,76.76538461538462,0.222,26,0.0,0.192,0.615,0.192,0.154,0.229,0.0,6,2,0,1,WSH@ATL,WSH,ATL,9
97,Jacob Young,696285,R,696285,FF,102.0,26.0,0.255,0.068,0.29601739130434784,0.639,0.069,77.47333333333334,0.361,90,0.011,0.311,0.533,0.278,0.122,0.169,0.105,19,7,0,0,WSH@ATL,WSH,ATL,9
99,Jacob Young,696285,R,696285,FS,11.0,1.0,0.091,0.179,0.173,0.322,0.0,88.60000000000001,1.0,6,0.0,0.333,0.833,0.167,0.0,0.385,0.154,1,0,0,0,WSH@ATL,WSH,ATL,9
102,Jacob Young,696285,R,696285,SL,108.0,23.0,0.213,0.125,0.22193805309734513,0.505,0.04600000000000001,76.36,0.333,85,0.012,0.212,0.718,0.118,0.094,0.211,0.035,19,3,1,0,WSH@ATL,WSH,ATL,9
0,Alex Verdugo,657077,R,657077,CH,154.0,38.0,0.247,0.062,0.27522360248447203,0.642,0.11699999999999999,86.71870503597123,0.409,139,0.029,0.331,0.504,0.302,0.173,0.099,0.043,22,14,2,0,WSH@ATL,ATL,WSH,1
4,Alex Verdugo,657077,R,657077,FF,283.0,73.0,0.258,0.041,0.33536190476190475,0.774,0.191,90.98804780876495,0.436,251,0.076,0.43,0.339,0.287,0.307,0.124,0.096,41,20,2,10,WSH@ATL,ATL,WSH,1
7,Alex Verdugo,657077,R,657077,SI,107.0,38.0,0.355,0.04,0.4093559322033898,0.966,0.19600000000000006,92.93846153846154,0.528,91,0.066,0.484,0.582,0.22,0.176,0.136,0.093,22,13,1,2,WSH@ATL,ATL,WSH,1
8,Alex Verdugo,657077,R,657077,SL,97.0,27.0,0.278,0.09,0.34822549019607846,0.82,0.237,86.55802469135803,0.415,81,0.099,0.333,0.444,0.185,0.321,0.181,0.038,16,5,0,6,WSH@ATL,ATL,WSH,1
9,Alex Verdugo,657077,R,657077,ST,26.0,7.0,0.269,0.035,0.30558620689655175,0.691,0.07699999999999996,90.82857142857144,0.583,21,0.095,0.429,0.333,0.286,0.286,0.172,0.103,5,2,0,0,WSH@ATL,ATL,WSH,1
11,Austin Riley,663586,R,663586,CH,48.0,16.0,0.333,0.126,0.40998181818181817,0.96,0.20900000000000002,90.06,0.579,35,0.143,0.457,0.457,0.314,0.229,0.236,0.055,12,1,0,3,WSH@ATL,ATL,WSH,2
15,Austin Riley,663586,R,663586,FF,283.0,64.0,0.226,0.142,0.31737025316455697,0.736,0.205,95.87540983606557,0.654,183,0.191,0.579,0.301,0.257,0.328,0.321,0.091,35,14,1,14,WSH@ATL,ATL,WSH,2
19,Austin Riley,663586,R,663586,SI,214.0,75.0,0.35,0.062,0.4066452991452992,0.959,0.20600000000000007,91.66195652173913,0.671,184,0.114,0.527,0.549,0.261,0.168,0.136,0.072,49,16,2,8,WSH@ATL,ATL,WSH,2
20,Austin Riley,663586,R,663586,SL,193.0,54.0,0.28,0.175,0.3362835820895523,0.796,0.21199999999999997,91.35384615384616,0.558,143,0.126,0.448,0.35,0.301,0.301,0.26,0.039,34,9,1,10,WSH@ATL,ATL,WSH,2
21,Austin Riley,663586,R,663586,ST,76.0,19.0,0.25,0.192,0.320425,0.758,0.22399999999999998,88.53518518518518,0.484,54,0.167,0.352,0.315,0.222,0.352,0.284,0.049,10,5,0,4,WSH@ATL,ATL,WSH,2
23,Matt Olson,621566,R,621566,CH,131.0,38.0,0.29,0.113,0.3902799999999999,0.922,0.25200000000000006,90.98198198198199,0.635,111,0.09,0.45,0.486,0.189,0.279,0.133,0.127,21,9,0,8,WSH@ATL,ATL,WSH,3
28,Matt Olson,621566,R,621566,FF,342.0,91.0,0.266,0.121,0.39106127450980394,0.917,0.269,94.1906976744186,0.711,258,0.163,0.609,0.357,0.248,0.329,0.212,0.153,49,17,0,25,WSH@ATL,ATL,WSH,3
34,Matt Olson,621566,R,621566,SI,107.0,37.0,0.346,0.095,0.49335114503816785,1.204,0.392,95.97471264367815,0.756,87,0.207,0.655,0.448,0.253,0.264,0.153,0.183,19,6,0,12,WSH@ATL,ATL,WSH,3
35,Matt Olson,621566,R,621566,SL,144.0,29.0,0.201,0.165,0.3164702380952381,0.725,0.20899999999999996,91.81648351648352,0.567,91,0.154,0.484,0.242,0.209,0.451,0.315,0.131,14,7,1,7,WSH@ATL,ATL,WSH,3
36,Matt Olson,621566,R,621566,ST,38.0,9.0,0.237,0.108,0.3249285714285714,0.757,0.21000000000000002,95.0391304347826,0.692,23,0.13,0.609,0.391,0.174,0.391,0.357,0.048,5,2,0,2,WSH@ATL,ATL,WSH,3
38,Marcell Ozuna,542303,R,542303,CH,61.0,18.0,0.295,0.208,0.3545362318840579,0.814,0.14800000000000002,90.79777777777778,0.731,45,0.111,0.511,0.333,0.289,0.289,0.243,0.114,13,3,0,2,WSH@ATL,ATL,WSH,4
41,Marcell Ozuna,542303,R,542303,FF,253.0,82.0,0.324,0.113,0.4469154929577465,1.08,0.36000000000000004,94.37748691099476,0.695,191,0.225,0.618,0.288,0.241,0.429,0.221,0.105,44,11,1,26,WSH@ATL,ATL,WSH,4
47,Marcell Ozuna,542303,R,542303,SI,248.0,81.0,0.327,0.074,0.39149635036496355,0.92,0.20500000000000002,92.7770731707317,0.692,205,0.112,0.576,0.459,0.302,0.22,0.163,0.083,54,15,0,12,WSH@ATL,ATL,WSH,4
48,Marcell Ozuna,542303,R,542303,SL,184.0,45.0,0.245,0.162,0.3439854368932039,0.808,0.239,88.98387096774194,0.557,124,0.145,0.403,0.427,0.21,0.282,0.295,0.106,25,8,0,12,WSH@ATL,ATL,WSH,4
49,Marcell Ozuna,542303,R,542303,ST,67.0,11.0,0.164,0.192,0.2766849315068493,0.645,0.254,91.18780487804878,0.633,41,0.195,0.463,0.171,0.195,0.537,0.373,0.067,4,2,0,5,WSH@ATL,ATL,WSH,4
51,Drake Baldwin,686948,R,686948,CH,4.0,2.0,0.5,0.062,0.4814,1.1,0.0,79.83333333333333,0.0,3,0.0,0.333,0.667,0.333,0.0,0.2,0.2,2,0,0,0,WSH@ATL,ATL,WSH,5
54,Drake Baldwin,686948,R,686948,FF,17.0,9.0,0.529,0.091,0.5600526315789472,1.344,0.236,97.25625,0.857,16,0.188,0.75,0.5,0.312,0.125,0.053,0.105,7,1,0,1,WSH@ATL,ATL,WSH,5
56,Drake Baldwin,686948,R,686948,SI,9.0,1.0,0.111,0.103,0.1552,0.311,0.0,96.28571428571429,1.0,7,0.0,0.714,0.571,0.286,0.143,0.2,0.1,1,0,0,0,WSH@ATL,ATL,WSH,5
57,Drake Baldwin,686948,R,686948,SL,11.0,2.0,0.182,0.119,0.32991666666666664,0.795,0.36300000000000004,93.43333333333334,0.714,9,0.222,0.556,0.111,0.111,0.667,0.167,0.083,0,1,0,1,WSH@ATL,ATL,WSH,5
58,Drake Baldwin,686948,R,686948,ST,2.0,1.0,0.5,0.1,0.624,1.5,0.5,88.94999999999999,1.0,2,0.0,0.5,0.5,0.5,0.0,0.0,0.0,0,1,0,0,WSH@ATL,ATL,WSH,5
59,Ozzie Albies,645277,R,645277,CH,150.0,35.0,0.233,0.111,0.27351265822784815,0.636,0.13399999999999998,84.33582089552239,0.397,134,0.022,0.284,0.455,0.209,0.299,0.112,0.05,24,6,1,4,WSH@ATL,ATL,WSH,6
64,Ozzie Albies,645277,R,645277,FF,257.0,67.0,0.261,0.101,0.3720743243243243,0.873,0.257,91.2125,0.526,216,0.116,0.417,0.227,0.241,0.394,0.147,0.11,35,14,2,16,WSH@ATL,ATL,WSH,6
69,Ozzie Albies,645277,R,645277,SI,109.0,28.0,0.257,0.116,0.3247833333333333,0.751,0.174,89.84831460674157,0.571,89,0.101,0.472,0.427,0.169,0.382,0.18,0.09,19,4,0,5,WSH@ATL,ATL,WSH,6
70,Ozzie Albies,645277,R,645277,SL,120.0,30.0,0.25,0.121,0.3287441860465116,0.77,0.22499999999999998,86.73,0.377,100,0.06,0.31,0.35,0.24,0.37,0.174,0.053,16,7,1,6,WSH@ATL,ATL,WSH,6
71,Ozzie Albies,645277,R,645277,ST,43.0,7.0,0.163,0.108,0.17888636363636365,0.415,0.07,82.13870967741936,0.1,31,0.032,0.065,0.452,0.194,0.129,0.273,0.0,6,0,0,1,WSH@ATL,ATL,WSH,6
73,Michael Harris II,671739,R,671739,CH,124.0,34.0,0.274,0.163,0.27314062499999997,0.634,0.065,87.72685185185185,0.435,108,0.065,0.37,0.519,0.296,0.13,0.132,0.031,30,2,0,2,WSH@ATL,ATL,WSH,7
77,Michael Harris II,671739,R,671739,FF,249.0,67.0,0.269,0.103,0.30473033707865166,0.705,0.121,91.51990291262135,0.598,206,0.073,0.524,0.369,0.316,0.204,0.17,0.067,46,15,3,3,WSH@ATL,ATL,WSH,7
83,Michael Harris II,671739,R,671739,SI,96.0,21.0,0.219,0.077,0.3013809523809524,0.695,0.19799999999999998,92.15432098765432,0.618,81,0.123,0.531,0.58,0.284,0.136,0.167,0.074,10,7,0,4,WSH@ATL,ATL,WSH,7
84,Michael Harris II,671739,R,671739,SL,75.0,23.0,0.307,0.17,0.37404761904761896,0.874,0.186,93.14545454545454,0.615,55,0.164,0.491,0.4,0.182,0.291,0.238,0.083,17,2,0,4,WSH@ATL,ATL,WSH,7
85,Michael Harris II,671739,R,671739,ST,24.0,7.0,0.292,0.128,0.39233333333333337,0.959,0.37500000000000006,93.995,0.615,20,0.2,0.5,0.35,0.35,0.3,0.167,0.0,3,1,1,2,WSH@ATL,ATL,WSH,7
87,Eli White,642201,R,642201,CH,3.0,0.0,0.0,0.167,0.0,0.0,0.0,0.0,0.0,0,0.0,0.0,0.0,0.0,0.0,1.0,0.0,0,0,0,0,WSH@ATL,ATL,WSH,8
91,Eli White,642201,R,642201,FF,20.0,10.0,0.5,0.12,0.5594347826086957,1.365,0.30000000000000004,95.13333333333334,0.778,15,0.2,0.6,0.4,0.4,0.2,0.217,0.13,6,2,2,0,WSH@ATL,ATL,WSH,8
93,Eli White,642201,R,642201,SI,26.0,7.0,0.269,0.029,0.3340666666666666,0.752,0.11599999999999999,85.61739130434783,0.25,23,0.043,0.348,0.826,0.043,0.13,0.1,0.033,6,0,0,1,WSH@ATL,ATL,WSH,8
94,Eli White,642201,R,642201,SL,19.0,5.0,0.263,0.12,0.4201499999999999,1.023,0.474,81.16875,0.5,16,0.188,0.312,0.5,0.125,0.375,0.19,0.048,1,1,1,2,WSH@ATL,ATL,WSH,8
95,Eli White,642201,R,642201,ST,9.0,2.0,0.222,0.147,0.27999999999999997,0.633,0.11100000000000002,85.7,1.0,4,0.0,0.75,0.75,0.25,0.0,0.5,0.1,1,1,0,0,WSH@ATL,ATL,WSH,8
96,Nick Allen,669397,R,669397,CH,12.0,0.0,0.0,0.071,0.0,0.0,0.0,83.81818181818181,0.25,11,0.091,0.273,0.636,0.0,0.364,0.154,0.0,0,0,0,0,WSH@ATL,ATL,WSH,9
99,Nick Allen,669397,R,669397,FF,97.0,22.0,0.227,0.091,0.24907407407407406,0.532,0.009999999999999981,83.9225,0.343,80,0.0,0.35,0.5,0.238,0.2,0.188,0.089,21,1,0,0,WSH@ATL,ATL,WSH,9
102,Nick Allen,669397,R,669397,SI,75.0,16.0,0.213,0.062,0.223126582278481,0.497,0.04000000000000001,80.58923076923077,0.333,65,0.015,0.277,0.769,0.138,0.046,0.159,0.049,15,0,0,1,WSH@ATL,ATL,WSH,9
103,Nick Allen,669397,R,669397,SL,93.0,17.0,0.183,0.148,0.18453684210526314,0.424,0.04300000000000001,80.128,0.138,75,0.0,0.133,0.493,0.213,0.173,0.198,0.01,13,4,0,0,WSH@ATL,ATL,WSH,9
104,Nick Allen,669397,R,669397,ST,25.0,5.0,0.2,0.182,0.171,0.4,0.0,76.11111111111111,0.125,18,0.0,0.167,0.389,0.278,0.167,0.28,0.0,5,0,0,0,WSH@ATL,ATL,WSH,9
1,Byron Buxton,621439,R,621439,CU,44.0,9.0,0.205,0.189,0.33079591836734684,0.775,0.29500000000000004,85.70357142857142,0.583,28,0.143,0.321,0.393,0.143,0.286,0.353,0.098,4,1,0,4,MIN@BAL,MIN,BAL,1
2,Byron Buxton,621439,R,621439,FC,48.0,9.0,0.188,0.158,0.2745686274509803,0.652,0.22899999999999998,90.20606060606062,0.647,33,0.091,0.485,0.364,0.303,0.212,0.294,0.059,3,3,1,2,MIN@BAL,MIN,BAL,1
3,Byron Buxton,621439,R,621439,FF,160.0,44.0,0.275,0.132,0.38975956284153,0.914,0.281,96.59913043478261,0.671,115,0.209,0.617,0.27,0.252,0.383,0.262,0.086,21,12,0,11,MIN@BAL,MIN,BAL,1
4,Byron Buxton,621439,R,621439,FS,13.0,3.0,0.231,0.181,0.40584615384615386,1.0,0.538,97.36,0.667,5,0.4,0.6,0.4,0.0,0.6,0.615,0.0,0,1,0,2,MIN@BAL,MIN,BAL,1
5,Byron Buxton,621439,R,621439,SI,124.0,35.0,0.282,0.113,0.3802014388489209,0.9,0.25800000000000006,89.44901960784313,0.68,102,0.127,0.49,0.382,0.245,0.245,0.158,0.058,18,8,3,6,MIN@BAL,MIN,BAL,1
7,Byron Buxton,621439,R,621439,ST,44.0,13.0,0.295,0.155,0.3578888888888889,0.856,0.25000000000000006,91.51935483870967,0.556,31,0.097,0.452,0.29,0.323,0.258,0.289,0.0,8,2,0,3,MIN@BAL,MIN,BAL,1
10,Trevor Larnach,663616,R,663616,CU,55.0,11.0,0.2,0.138,0.2449482758620689,0.568,0.127,87.9148148148148,0.438,27,0.037,0.407,0.37,0.259,0.333,0.483,0.052,8,1,0,2,MIN@BAL,MIN,BAL,2
11,Trevor Larnach,663616,R,663616,FC,72.0,26.0,0.361,0.135,0.44229487179487176,1.063,0.29200000000000004,91.70185185185184,0.625,54,0.167,0.556,0.389,0.352,0.241,0.231,0.077,16,4,1,5,MIN@BAL,MIN,BAL,2
12,Trevor Larnach,663616,R,663616,FF,188.0,45.0,0.239,0.078,0.3353521126760563,0.778,0.21300000000000002,92.9267515923567,0.549,157,0.14,0.484,0.376,0.229,0.35,0.153,0.112,27,7,0,11,MIN@BAL,MIN,BAL,2
13,Trevor Larnach,663616,R,663616,FS,31.0,7.0,0.226,0.156,0.34927777777777774,0.817,0.258,89.27391304347827,0.333,23,0.087,0.304,0.478,0.217,0.304,0.222,0.139,3,2,0,2,MIN@BAL,MIN,BAL,2
15,Trevor Larnach,663616,R,663616,SI,68.0,25.0,0.368,0.064,0.4098333333333334,0.929,0.07300000000000001,94.93818181818183,0.6,55,0.036,0.545,0.636,0.2,0.164,0.155,0.19,21,3,1,0,MIN@BAL,MIN,BAL,2
17,Trevor Larnach,663616,R,663616,ST,18.0,6.0,0.333,0.12,0.4318181818181818,1.011,0.22300000000000003,89.03636363636363,0.6,11,0.091,0.545,0.364,0.273,0.182,0.318,0.136,4,1,0,1,MIN@BAL,MIN,BAL,2
20,Ryan Jeffers,680777,R,680777,CU,36.0,10.0,0.278,0.174,0.3131081081081081,0.741,0.16599999999999998,85.2090909090909,0.7,22,0.091,0.455,0.455,0.227,0.227,0.378,0.027,6,3,0,1,MIN@BAL,MIN,BAL,3
22,Ryan Jeffers,680777,R,680777,FC,36.0,12.0,0.333,0.176,0.4571136363636363,1.094,0.306,87.5076923076923,0.571,26,0.115,0.462,0.346,0.308,0.231,0.227,0.136,6,3,1,2,MIN@BAL,MIN,BAL,3
23,Ryan Jeffers,680777,R,680777,FF,178.0,42.0,0.236,0.081,0.31564077669902907,0.703,0.135,89.84135338345864,0.474,133,0.09,0.383,0.301,0.256,0.331,0.237,0.081,29,7,1,5,MIN@BAL,MIN,BAL,3
24,Ryan Jeffers,680777,R,680777,FS,8.0,1.0,0.125,0.136,0.4001666666666666,0.917,0.375,86.02000000000001,0.25,5,0.2,0.2,0.2,0.0,0.8,0.25,0.333,0,0,0,1,MIN@BAL,MIN,BAL,3
26,Ryan Jeffers,680777,R,680777,SI,131.0,30.0,0.229,0.056,0.2771048951048951,0.628,0.10700000000000001,87.19074074074075,0.564,108,0.065,0.417,0.593,0.185,0.176,0.167,0.049,20,8,0,2,MIN@BAL,MIN,BAL,3
28,Ryan Jeffers,680777,R,680777,ST,36.0,6.0,0.167,0.15,0.19943243243243242,0.467,0.11100000000000002,85.10769230769232,0.214,26,0.0,0.192,0.308,0.192,0.346,0.27,0.027,4,1,0,1,MIN@BAL,MIN,BAL,3
31,Brooks Lee,686797,R,686797,CU,13.0,5.0,0.385,0.113,0.5487857142857143,1.352,0.538,85.81,0.5,10,0.2,0.3,0.3,0.3,0.3,0.214,0.071,2,1,0,2,MIN@BAL,MIN,BAL,4
32,Brooks Lee,686797,R,686797,FC,21.0,3.0,0.143,0.047,0.21881818181818183,0.515,0.19000000000000003,86.96315789473684,0.4,19,0.053,0.263,0.263,0.211,0.316,0.091,0.045,1,1,0,1,MIN@BAL,MIN,BAL,4
33,Brooks Lee,686797,R,686797,FF,58.0,15.0,0.259,0.064,0.30809375,0.707,0.12,89.104,0.367,50,0.06,0.3,0.32,0.3,0.3,0.125,0.094,12,1,0,2,MIN@BAL,MIN,BAL,4
34,Brooks Lee,686797,R,686797,FS,6.0,3.0,0.5,0.2,0.49487499999999995,1.125,0.0,90.825,1.0,4,0.0,0.75,0.5,0.5,0.0,0.25,0.25,3,0,0,0,MIN@BAL,MIN,BAL,4
35,Brooks Lee,686797,R,686797,SI,32.0,7.0,0.219,0.099,0.24014705882352944,0.546,0.06200000000000003,85.31785714285715,0.385,28,0.071,0.393,0.464,0.25,0.214,0.118,0.059,5,2,0,0,MIN@BAL,MIN,BAL,4
37,Brooks Lee,686797,R,686797,ST,7.0,0.0,0.0,0.156,0.0,0.0,0.0,89.08,0.25,5,0.0,0.2,0.0,0.0,0.8,0.375,0.0,0,0,0,0,MIN@BAL,MIN,BAL,4
40,Willi Castro,650489,R,650489,CU,69.0,18.0,0.261,0.113,0.2987142857142857,0.671,0.07200000000000001,85.03137254901962,0.519,51,0.039,0.431,0.431,0.294,0.235,0.234,0.065,15,2,0,1,MIN@BAL,MIN,BAL,5
42,Willi Castro,650489,R,650489,FC,73.0,21.0,0.288,0.127,0.37665432098765433,0.888,0.24600000000000005,86.36896551724138,0.5,58,0.121,0.362,0.328,0.276,0.31,0.195,0.085,10,7,1,3,MIN@BAL,MIN,BAL,5
43,Willi Castro,650489,R,650489,FF,202.0,52.0,0.257,0.119,0.3636065573770491,0.827,0.189,87.73959731543624,0.452,149,0.101,0.416,0.295,0.255,0.369,0.227,0.117,31,11,3,7,MIN@BAL,MIN,BAL,5
45,Willi Castro,650489,R,650489,FS,47.0,9.0,0.191,0.203,0.19864583333333333,0.463,0.064,80.61212121212121,0.417,33,0.061,0.212,0.576,0.182,0.182,0.292,0.0,7,1,1,0,MIN@BAL,MIN,BAL,5
47,Willi Castro,650489,R,650489,SI,61.0,17.0,0.279,0.083,0.34091891891891896,0.749,0.06499999999999995,90.45454545454545,0.37,44,0.045,0.386,0.364,0.364,0.25,0.23,0.149,13,4,0,0,MIN@BAL,MIN,BAL,5
49,Willi Castro,650489,R,650489,ST,23.0,7.0,0.304,0.096,0.42172,1.012,0.34800000000000003,77.515,0.286,20,0.15,0.2,0.25,0.3,0.4,0.12,0.0,3,2,0,2,MIN@BAL,MIN,BAL,5
53,Harrison Bader,664056,R,664056,CU,44.0,13.0,0.295,0.149,0.3308695652173913,0.781,0.16000000000000003,85.671875,0.417,32,0.062,0.312,0.562,0.281,0.094,0.261,0.043,10,1,0,2,MIN@BAL,MIN,BAL,6
55,Harrison Bader,664056,R,664056,FC,47.0,13.0,0.277,0.116,0.31061224489795913,0.732,0.14899999999999997,89.30697674418604,0.526,43,0.07,0.395,0.488,0.326,0.116,0.082,0.041,10,1,0,2,MIN@BAL,MIN,BAL,6
56,Harrison Bader,664056,R,664056,FF,128.0,34.0,0.266,0.078,0.3520466666666667,0.798,0.16399999999999998,89.63775510204081,0.467,98,0.041,0.439,0.286,0.276,0.337,0.211,0.099,19,12,0,3,MIN@BAL,MIN,BAL,6
57,Harrison Bader,664056,R,664056,FS,13.0,3.0,0.231,0.137,0.233,0.517,0.0,86.84444444444445,0.25,9,0.0,0.333,0.556,0.222,0.222,0.286,0.071,3,0,0,0,MIN@BAL,MIN,BAL,6
58,Harrison Bader,664056,R,664056,SI,114.0,33.0,0.289,0.045,0.29340983606557375,0.664,0.04400000000000004,81.34722222222223,0.481,108,0.046,0.259,0.676,0.139,0.111,0.065,0.048,30,2,0,1,MIN@BAL,MIN,BAL,6
60,Harrison Bader,664056,R,664056,ST,44.0,9.0,0.205,0.179,0.22756818181818178,0.546,0.13600000000000004,78.91290322580646,0.2,31,0.065,0.129,0.387,0.161,0.323,0.295,0.0,7,0,0,2,MIN@BAL,MIN,BAL,6
63,Kody Clemens,665019,R,665019,CU,17.0,4.0,0.235,0.047,0.2242941176470588,0.529,0.059,89.49333333333334,0.0,15,0.0,0.267,0.8,0.133,0.067,0.118,0.0,3,1,0,0,MIN@BAL,MIN,BAL,7
65,Kody Clemens,665019,R,665019,FC,11.0,3.0,0.273,0.062,0.3373333333333333,0.788,0.182,92.26666666666667,0.833,9,0.111,0.667,0.222,0.111,0.556,0.167,0.083,1,2,0,0,MIN@BAL,MIN,BAL,7
66,Kody Clemens,665019,R,665019,FF,92.0,20.0,0.217,0.143,0.30793,0.726,0.229,93.61587301587302,0.625,63,0.111,0.508,0.206,0.222,0.413,0.29,0.07,10,4,1,5,MIN@BAL,MIN,BAL,7
68,Kody Clemens,665019,R,665019,FS,10.0,1.0,0.1,0.194,0.18991666666666665,0.35,0.0,79.7,0.333,8,0.125,0.125,0.625,0.125,0.25,0.167,0.083,1,0,0,0,MIN@BAL,MIN,BAL,7
69,Kody Clemens,665019,R,665019,SI,25.0,10.0,0.4,0.071,0.49759999999999993,1.2,0.4,89.79130434782608,0.462,23,0.087,0.304,0.391,0.304,0.261,0.08,0.0,4,4,0,2,MIN@BAL,MIN,BAL,7
71,Kody Clemens,665019,R,665019,ST,9.0,0.0,0.0,0.156,0.0727,0.1,0.0,81.28,0.333,5,0.0,0.2,0.0,0.0,0.6,0.4,0.0,0,0,0,0,MIN@BAL,MIN,BAL,7
74,Jonah Bride,681146,R,681146,CU,15.0,3.0,0.2,0.048,0.17099999999999999,0.4,0.0,81.78999999999999,0.667,10,0.0,0.2,0.7,0.1,0.2,0.333,0.0,3,0,0,0,MIN@BAL,MIN,BAL,8
75,Jonah Bride,681146,R,681146,FC,16.0,5.0,0.312,0.034,0.39605263157894727,0.881,0.188,88.05,0.5,16,0.0,0.438,0.5,0.125,0.25,0.095,0.143,4,0,0,1,MIN@BAL,MIN,BAL,8
76,Jonah Bride,681146,R,681146,FF,60.0,17.0,0.283,0.041,0.3592537313432836,0.826,0.2,90.3153846153846,0.625,52,0.115,0.423,0.404,0.173,0.288,0.157,0.1,11,3,0,3,MIN@BAL,MIN,BAL,8
78,Jonah Bride,681146,R,681146,FS,5.0,0.0,0.0,0.185,0.12116666666666666,0.167,0.0,97.9,0.0,1,0.0,1.0,1.0,0.0,0.0,0.667,0.0,0,0,0,0,MIN@BAL,MIN,BAL,8
80,Jonah Bride,681146,R,681146,SI,58.0,13.0,0.224,0.053,0.31248529411764703,0.695,0.13799999999999998,83.53809523809524,0.333,42,0.071,0.333,0.524,0.238,0.119,0.246,0.116,9,2,0,2,MIN@BAL,MIN,BAL,8
82,Jonah Bride,681146,R,681146,ST,19.0,3.0,0.158,0.074,0.135,0.316,0.0,87.22142857142856,0.444,14,0.0,0.429,0.357,0.357,0.286,0.263,0.0,3,0,0,0,MIN@BAL,MIN,BAL,8
85,DaShawn Keirsey Jr.,680577,R,680577,CU,0.0,0.0,0.0,0.0,0.727,0.0,0.0,0.0,0.0,0,0.0,0.0,0.0,0.0,0.0,0.0,0.0,0,0,0,0,MIN@BAL,MIN,BAL,9
86,DaShawn Keirsey Jr.,680577,R,680577,FC,2.0,0.0,0.0,0.0,0.0,0.0,0.0,89.9,0.0,2,0.0,0.0,1.0,0.0,0.0,0.0,0.0,0,0,0,0,MIN@BAL,MIN,BAL,9
87,DaShawn Keirsey Jr.,680577,R,680577,FF,13.0,3.0,0.231,0.029,0.28646153846153843,0.693,0.231,87.53846153846153,0.5,13,0.154,0.462,0.538,0.077,0.231,0.0,0.0,2,0,0,1,MIN@BAL,MIN,BAL,9
88,DaShawn Keirsey Jr.,680577,R,680577,FS,0.0,0.0,0.0,0.0,0.0,0.0,0.0,0.0,0.0,0,0.0,0.0,0.0,0.0,0.0,0.0,0.0,0,0,0,0,MIN@BAL,MIN,BAL,9
89,DaShawn Keirsey Jr.,680577,R,680577,SI,6.0,1.0,0.167,0.111,0.1425,0.334,0.0,84.3,0.0,4,0.0,0.25,0.5,0.5,0.0,0.333,0.0,1,0,0,0,MIN@BAL,MIN,BAL,9
0,Jackson Holliday,702616,R,702616,CH,37.0,11.0,0.297,0.127,0.35860465116279067,0.827,0.135,89.04444444444444,0.6,27,0.074,0.481,0.63,0.185,0.185,0.233,0.14,8,1,2,0,MIN@BAL,BAL,MIN,1
1,Jackson Holliday,702616,R,702616,CU,23.0,4.0,0.174,0.133,0.269375,0.643,0.261,88.72666666666667,0.571,15,0.067,0.4,0.533,0.067,0.4,0.333,0.0,2,0,0,2,MIN@BAL,BAL,MIN,1
4,Jackson Holliday,702616,R,702616,FF,82.0,22.0,0.268,0.141,0.30525,0.705,0.122,94.56607142857142,0.633,56,0.107,0.643,0.446,0.214,0.321,0.303,0.067,18,1,0,3,MIN@BAL,BAL,MIN,1
7,Jackson Holliday,702616,R,702616,SL,19.0,2.0,0.105,0.144,0.20299999999999999,0.453,0.15800000000000003,89.18333333333334,0.444,12,0.083,0.333,0.083,0.167,0.583,0.333,0.095,1,0,0,1,MIN@BAL,BAL,MIN,1
10,Ryan Mountcastle,663624,R,663624,CH,39.0,8.0,0.205,0.223,0.2578536585365854,0.603,0.154,92.79285714285713,0.5,28,0.107,0.464,0.5,0.179,0.321,0.268,0.049,4,3,0,1,MIN@BAL,BAL,MIN,2
11,Ryan Mountcastle,663624,R,663624,CU,47.0,14.0,0.298,0.132,0.3200408163265306,0.753,0.128,85.70967741935483,0.462,31,0.065,0.355,0.484,0.226,0.194,0.327,0.041,12,0,0,2,MIN@BAL,BAL,MIN,2
14,Ryan Mountcastle,663624,R,663624,FF,176.0,44.0,0.25,0.153,0.3066836734693878,0.695,0.125,94.85126050420168,0.577,119,0.151,0.521,0.37,0.294,0.303,0.305,0.095,29,11,1,3,MIN@BAL,BAL,MIN,2
19,Ryan Mountcastle,663624,R,663624,SL,169.0,37.0,0.219,0.185,0.2655666666666667,0.611,0.12999999999999998,88.93100775193798,0.443,129,0.085,0.364,0.45,0.225,0.248,0.235,0.06,24,8,1,4,MIN@BAL,BAL,MIN,2
22,Gunnar Henderson,683002,R,683002,CH,151.0,43.0,0.285,0.133,0.3542356687898089,0.846,0.25100000000000006,91.52203389830508,0.625,118,0.093,0.517,0.492,0.263,0.212,0.215,0.038,26,6,1,10,MIN@BAL,BAL,MIN,3
23,Gunnar Henderson,683002,R,683002,CU,72.0,22.0,0.306,0.145,0.4061558441558441,0.976,0.319,92.74489795918367,0.562,49,0.122,0.51,0.347,0.367,0.286,0.299,0.039,11,5,0,6,MIN@BAL,BAL,MIN,3
25,Gunnar Henderson,683002,R,683002,FF,294.0,79.0,0.269,0.111,0.37248961424332344,0.879,0.248,96.9392523364486,0.677,214,0.164,0.668,0.369,0.322,0.285,0.237,0.128,40,19,6,14,MIN@BAL,BAL,MIN,3
28,Gunnar Henderson,683002,R,683002,SL,108.0,31.0,0.287,0.123,0.43709917355371897,1.065,0.417,95.49358974358974,0.69,78,0.179,0.603,0.385,0.192,0.346,0.254,0.098,14,2,2,13,MIN@BAL,BAL,MIN,3
31,Ryan O'Hearn,656811,R,656811,CH,104.0,23.0,0.221,0.117,0.25869369369369366,0.595,0.10600000000000001,87.93882352941176,0.526,85,0.071,0.412,0.506,0.224,0.224,0.179,0.062,16,4,2,1,MIN@BAL,BAL,MIN,4
33,Ryan O'Hearn,656811,R,656811,CU,78.0,22.0,0.282,0.109,0.34561797752808987,0.794,0.14100000000000001,89.7344827586207,0.393,58,0.069,0.293,0.466,0.224,0.259,0.225,0.124,15,5,0,2,MIN@BAL,BAL,MIN,4
35,Ryan O'Hearn,656811,R,656811,FF,278.0,85.0,0.306,0.058,0.35261258278145696,0.82,0.15800000000000003,93.83702127659575,0.594,235,0.081,0.553,0.357,0.311,0.277,0.154,0.072,62,12,1,10,MIN@BAL,BAL,MIN,4
40,Ryan O'Hearn,656811,R,656811,SL,100.0,23.0,0.23,0.155,0.3483303571428572,0.82,0.28,89.65479452054795,0.578,73,0.123,0.411,0.356,0.219,0.397,0.248,0.071,9,7,0,7,MIN@BAL,BAL,MIN,4
43,Adley Rutschman,668939,R,668939,CH,168.0,40.0,0.238,0.098,0.2777967032967033,0.632,0.10100000000000003,83.8569536423841,0.23,151,0.026,0.199,0.483,0.258,0.232,0.103,0.076,31,5,0,4,MIN@BAL,BAL,MIN,5
45,Adley Rutschman,668939,R,668939,CU,69.0,12.0,0.174,0.063,0.2091944444444444,0.483,0.10100000000000003,88.10689655172413,0.444,58,0.069,0.31,0.483,0.172,0.293,0.153,0.042,9,1,0,2,MIN@BAL,BAL,MIN,5
48,Adley Rutschman,668939,R,668939,FF,274.0,73.0,0.266,0.064,0.3541114649681529,0.822,0.198,91.62543103448276,0.524,232,0.086,0.487,0.28,0.25,0.375,0.139,0.127,46,13,1,13,MIN@BAL,BAL,MIN,5
52,Adley Rutschman,668939,R,668939,SL,128.0,35.0,0.273,0.091,0.3226,0.729,0.10199999999999998,90.3308510638298,0.423,94,0.032,0.404,0.372,0.298,0.255,0.245,0.116,27,5,1,2,MIN@BAL,BAL,MIN,5
55,Tyler O'Neill,641933,R,641933,CH,34.0,9.0,0.265,0.208,0.3483783783783784,0.824,0.235,90.03684210526316,0.417,19,0.105,0.474,0.368,0.263,0.368,0.405,0.081,5,2,0,2,MIN@BAL,BAL,MIN,6
56,Tyler O'Neill,641933,R,641933,CU,32.0,5.0,0.156,0.153,0.26225,0.594,0.18799999999999997,86.22222222222223,0.4,18,0.222,0.222,0.389,0.222,0.333,0.389,0.056,3,0,0,2,MIN@BAL,BAL,MIN,6
59,Tyler O'Neill,641933,R,641933,FF,155.0,29.0,0.187,0.152,0.28776571428571424,0.659,0.194,93.00526315789473,0.75,95,0.158,0.568,0.284,0.179,0.368,0.347,0.102,16,4,1,8,MIN@BAL,BAL,MIN,6
63,Tyler O'Neill,641933,R,641933,SL,84.0,16.0,0.19,0.175,0.25401123595505615,0.593,0.16699999999999998,87.1326923076923,0.577,52,0.115,0.346,0.423,0.192,0.308,0.36,0.056,8,5,0,3,MIN@BAL,BAL,MIN,6
66,Cedric Mullins II,656775,R,656775,CH,104.0,29.0,0.279,0.12,0.33424770642201834,0.79,0.20199999999999996,84.53544303797469,0.486,79,0.063,0.342,0.481,0.215,0.228,0.227,0.045,18,6,0,5,MIN@BAL,BAL,MIN,7
68,Cedric Mullins II,656775,R,656775,CU,70.0,12.0,0.171,0.117,0.24106944444444445,0.578,0.215,88.7392156862745,0.367,51,0.039,0.373,0.333,0.235,0.353,0.274,0.027,5,2,2,3,MIN@BAL,BAL,MIN,7
70,Cedric Mullins II,656775,R,656775,FF,264.0,65.0,0.246,0.102,0.3468701298701299,0.794,0.201,88.32809523809524,0.488,210,0.076,0.4,0.243,0.224,0.352,0.185,0.131,39,12,1,13,MIN@BAL,BAL,MIN,7
75,Cedric Mullins II,656775,R,656775,SL,91.0,15.0,0.165,0.128,0.2803333333333333,0.659,0.264,88.67571428571429,0.429,70,0.057,0.4,0.286,0.229,0.371,0.22,0.06,5,3,0,7,MIN@BAL,BAL,MIN,7
78,Ramon Laureano,657656,R,657656,CH,27.0,0.0,0.0,0.231,0.0707,0.097,0.0,85.42142857142858,0.6,14,0.0,0.357,0.571,0.071,0.286,0.452,0.065,0,0,0,0,MIN@BAL,BAL,MIN,8
79,Ramon Laureano,657656,R,657656,CU,28.0,4.0,0.143,0.183,0.23773333333333332,0.557,0.214,91.62142857142858,0.556,14,0.357,0.429,0.357,0.286,0.357,0.467,0.067,2,0,0,2,MIN@BAL,BAL,MIN,8
82,Ramon Laureano,657656,R,657656,FF,136.0,40.0,0.294,0.114,0.3676225165562914,0.864,0.20600000000000002,88.54408602150538,0.516,93,0.14,0.441,0.269,0.28,0.409,0.285,0.066,25,7,3,5,MIN@BAL,BAL,MIN,8
86,Ramon Laureano,657656,R,657656,SL,108.0,16.0,0.148,0.2,0.217859649122807,0.508,0.167,89.58260869565217,0.618,69,0.116,0.377,0.42,0.203,0.29,0.342,0.053,8,3,0,5,MIN@BAL,BAL,MIN,8
89,Ramon Urias,602104,R,602104,CH,34.0,5.0,0.147,0.24,0.2468684210526316,0.561,0.17700000000000002,86.70588235294117,0.333,17,0.118,0.353,0.412,0.118,0.412,0.447,0.105,3,0,0,2,MIN@BAL,BAL,MIN,9
90,Ramon Urias,602104,R,602104,CU,25.0,7.0,0.28,0.126,0.27084,0.64,0.07999999999999996,86.15263157894738,0.6,19,0.0,0.316,0.316,0.421,0.105,0.24,0.0,5,2,0,0,MIN@BAL,BAL,MIN,9
93,Ramon Urias,602104,R,602104,FF,132.0,32.0,0.242,0.145,0.34215894039735095,0.795,0.22000000000000003,90.98222222222222,0.556,90,0.122,0.411,0.422,0.189,0.311,0.288,0.118,17,6,4,5,MIN@BAL,BAL,MIN,9
96,Ramon Urias,602104,R,602104,SL,101.0,27.0,0.267,0.141,0.2989545454545454,0.68,0.08899999999999997,87.96470588235294,0.375,85,0.059,0.306,0.435,0.247,0.224,0.153,0.072,22,3,0,2,MIN@BAL,BAL,MIN,9
0,Chase Meidroth,805367,R,805367,CH,1.0,0.0,0.0,0.0,0.0,0.0,0.0,99.5,0.0,1,0.0,1.0,1.0,0.0,0.0,0.0,0.0,0,0,0,0,CWS@CIN,CWS,CIN,1
1,Chase Meidroth,805367,R,805367,CU,4.0,1.0,0.25,0.286,0.312,0.75,0.25,84.93333333333334,1.0,3,0.0,0.333,0.667,0.0,0.333,0.25,0.0,0,1,0,0,CWS@CIN,CWS,CIN,1
2,Chase Meidroth,805367,R,805367,FC,2.0,0.0,0.0,0.0,0.3485,0.5,0.0,73.7,0.0,2,0.0,0.0,0.5,0.0,0.5,0.0,0.5,0,0,0,0,CWS@CIN,CWS,CIN,1
3,Chase Meidroth,805367,R,805367,FF,12.0,4.0,0.333,0.02,0.3166923076923077,0.718,0.0,88.57272727272726,0.667,11,0.0,0.455,0.636,0.182,0.091,0.077,0.077,4,0,0,0,CWS@CIN,CWS,CIN,1
5,Chase Meidroth,805367,R,805367,SI,5.0,3.0,0.6,0.0,0.5916,1.4,0.20000000000000007,88.8,0.333,5,0.0,0.4,0.2,0.6,0.0,0.0,0.0,2,1,0,0,CWS@CIN,CWS,CIN,1
6,Chase Meidroth,805367,R,805367,SL,7.0,0.0,0.0,0.143,0.15488888888888888,0.222,0.0,80.38,0.333,5,0.0,0.2,0.2,0.2,0.4,0.222,0.222,0,0,0,0,CWS@CIN,CWS,CIN,1
9,Miguel Vargas,678246,R,678246,CH,15.0,2.0,0.133,0.107,0.222875,0.509,0.2,74.64,0.25,10,0.0,0.3,0.6,0.3,0.1,0.353,0.059,1,0,0,1,CWS@CIN,CWS,CIN,2
11,Miguel Vargas,678246,R,678246,CU,23.0,6.0,0.261,0.065,0.35253846153846147,0.824,0.21699999999999997,88.9470588235294,0.286,17,0.0,0.294,0.118,0.353,0.471,0.231,0.115,3,2,0,1,CWS@CIN,CWS,CIN,2
13,Miguel Vargas,678246,R,678246,FC,37.0,8.0,0.216,0.114,0.29204651162790696,0.65,0.10800000000000001,85.35483870967742,0.231,31,0.065,0.226,0.452,0.226,0.194,0.14,0.116,5,2,1,0,CWS@CIN,CWS,CIN,2
14,Miguel Vargas,678246,R,678246,FF,135.0,20.0,0.148,0.126,0.2849702380952381,0.61,0.148,91.23023255813953,0.484,86,0.093,0.407,0.128,0.221,0.5,0.296,0.183,9,6,1,4,CWS@CIN,CWS,CIN,2
17,Miguel Vargas,678246,R,678246,SI,91.0,19.0,0.209,0.05,0.2881747572815534,0.647,0.143,87.14935064935065,0.533,77,0.052,0.377,0.558,0.234,0.156,0.143,0.086,13,2,1,3,CWS@CIN,CWS,CIN,2
18,Miguel Vargas,678246,R,678246,SL,63.0,13.0,0.206,0.081,0.2474242424242424,0.568,0.12700000000000003,84.318,0.273,50,0.02,0.18,0.46,0.16,0.28,0.221,0.044,7,5,0,1,CWS@CIN,CWS,CIN,2
21,Luis Robert,673357,R,673357,CH,57.0,10.0,0.175,0.251,0.27524590163934426,0.651,0.246,91.58214285714287,0.467,28,0.107,0.429,0.321,0.321,0.214,0.475,0.049,4,2,0,4,CWS@CIN,CWS,CIN,3
22,Luis Robert,673357,R,673357,CU,35.0,8.0,0.229,0.217,0.3584594594594594,0.863,0.371,89.38260869565218,0.615,23,0.174,0.435,0.261,0.304,0.261,0.342,0.053,3,1,0,4,CWS@CIN,CWS,CIN,3
23,Luis Robert,673357,R,673357,FC,65.0,16.0,0.246,0.174,0.3117285714285714,0.731,0.185,87.66875,0.5,48,0.104,0.396,0.354,0.167,0.333,0.243,0.071,10,3,0,3,CWS@CIN,CWS,CIN,3
24,Luis Robert,673357,R,673357,FF,188.0,53.0,0.282,0.194,0.3970392156862745,0.946,0.335,93.91463414634147,0.697,123,0.236,0.618,0.195,0.317,0.407,0.319,0.062,22,15,0,16,CWS@CIN,CWS,CIN,3
26,Luis Robert,673357,R,673357,SI,158.0,40.0,0.253,0.099,0.2992126436781609,0.679,0.10799999999999998,86.00461538461539,0.333,130,0.038,0.323,0.677,0.192,0.108,0.165,0.074,29,8,0,3,CWS@CIN,CWS,CIN,3
27,Luis Robert,673357,R,673357,SL,213.0,48.0,0.225,0.239,0.28055707762557075,0.67,0.19799999999999998,89.15808823529412,0.507,136,0.14,0.397,0.368,0.206,0.316,0.352,0.027,29,7,1,11,CWS@CIN,CWS,CIN,3
30,Matt Thaiss,642136,R,642136,CH,73.0,14.0,0.192,0.156,0.22687012987012983,0.519,0.09599999999999997,83.13090909090909,0.562,55,0.055,0.345,0.655,0.145,0.145,0.244,0.051,11,1,0,2,CWS@CIN,CWS,CIN,4
32,Matt Thaiss,642136,R,642136,CU,38.0,13.0,0.342,0.149,0.3932272727272728,0.906,0.13199999999999995,89.08461538461538,0.583,26,0.077,0.462,0.5,0.385,0.077,0.273,0.091,10,2,0,1,CWS@CIN,CWS,CIN,4
33,Matt Thaiss,642136,R,642136,FC,28.0,6.0,0.214,0.216,0.30869696969696975,0.69,0.143,86.01666666666667,0.375,18,0.056,0.333,0.5,0.167,0.278,0.303,0.152,2,4,0,0,CWS@CIN,CWS,CIN,4
34,Matt Thaiss,642136,R,642136,FF,161.0,31.0,0.193,0.183,0.31106403940886695,0.665,0.118,89.4680412371134,0.541,97,0.113,0.464,0.268,0.237,0.392,0.325,0.204,22,4,0,5,CWS@CIN,CWS,CIN,4
36,Matt Thaiss,642136,R,642136,SI,26.0,6.0,0.231,0.085,0.40411428571428565,0.929,0.269,90.80526315789473,0.692,19,0.263,0.632,0.316,0.211,0.474,0.2,0.229,3,1,0,2,CWS@CIN,CWS,CIN,4
37,Matt Thaiss,642136,R,642136,SL,47.0,9.0,0.191,0.123,0.253377358490566,0.56,0.08600000000000002,88.69411764705882,0.615,34,0.088,0.412,0.529,0.206,0.176,0.245,0.113,7,1,0,1,CWS@CIN,CWS,CIN,4
40,Andrew Vaughn,683734,R,683734,CH,78.0,15.0,0.192,0.171,0.2756024096385542,0.651,0.21799999999999997,89.15510204081633,0.571,49,0.122,0.49,0.531,0.224,0.204,0.349,0.048,7,3,1,4,CWS@CIN,CWS,CIN,5
42,Andrew Vaughn,683734,R,683734,CU,65.0,11.0,0.169,0.135,0.2053333333333333,0.463,0.07699999999999999,86.22926829268293,0.421,41,0.049,0.341,0.537,0.195,0.268,0.348,0.043,8,2,0,1,CWS@CIN,CWS,CIN,5
43,Andrew Vaughn,683734,R,683734,FC,81.0,23.0,0.284,0.098,0.3401573033707865,0.785,0.16000000000000003,87.2095890410959,0.6,73,0.055,0.384,0.342,0.233,0.247,0.11,0.077,15,5,1,2,CWS@CIN,CWS,CIN,5
44,Andrew Vaughn,683734,R,683734,FF,223.0,62.0,0.278,0.069,0.365236,0.855,0.22399999999999998,94.86368715083798,0.661,179,0.168,0.587,0.313,0.279,0.346,0.183,0.095,38,11,0,13,CWS@CIN,CWS,CIN,5
47,Andrew Vaughn,683734,R,683734,SI,180.0,59.0,0.328,0.066,0.3979035532994924,0.942,0.22800000000000004,92.95094339622642,0.636,159,0.101,0.553,0.547,0.201,0.214,0.107,0.056,38,11,0,10,CWS@CIN,CWS,CIN,5
48,Andrew Vaughn,683734,R,683734,SL,201.0,49.0,0.244,0.148,0.2782735849056604,0.646,0.119,88.3843537414966,0.427,147,0.068,0.354,0.374,0.286,0.224,0.255,0.042,31,15,0,3,CWS@CIN,CWS,CIN,5
51,Josh Rojas,668942,R,668942,CH,99.0,23.0,0.232,0.107,0.23878217821782174,0.553,0.08099999999999999,84.60243902439024,0.278,82,0.024,0.268,0.524,0.207,0.232,0.183,0.019,18,3,1,1,CWS@CIN,CWS,CIN,6
52,Josh Rojas,668942,R,668942,CU,63.0,15.0,0.238,0.093,0.24167187499999998,0.567,0.07900000000000001,86.97173913043478,0.333,46,0.0,0.261,0.457,0.239,0.283,0.266,0.016,12,2,0,1,CWS@CIN,CWS,CIN,6
53,Josh Rojas,668942,R,668942,FC,55.0,15.0,0.273,0.094,0.353828125,0.811,0.16299999999999998,87.27446808510638,0.44,47,0.043,0.404,0.383,0.213,0.319,0.125,0.125,8,6,0,1,CWS@CIN,CWS,CIN,6
54,Josh Rojas,668942,R,668942,FF,214.0,51.0,0.238,0.107,0.3216680327868852,0.731,0.16899999999999998,89.72675159235669,0.528,157,0.083,0.465,0.274,0.312,0.363,0.244,0.116,30,13,1,7,CWS@CIN,CWS,CIN,6
58,Josh Rojas,668942,R,668942,SI,84.0,22.0,0.262,0.062,0.33179381443298966,0.747,0.131,90.00833333333334,0.543,72,0.097,0.458,0.486,0.236,0.25,0.141,0.121,15,5,0,2,CWS@CIN,CWS,CIN,6
59,Josh Rojas,668942,R,668942,SL,88.0,20.0,0.227,0.123,0.24376842105263158,0.542,0.034,83.85384615384615,0.394,65,0.031,0.277,0.385,0.246,0.262,0.25,0.073,17,3,0,0,CWS@CIN,CWS,CIN,6
62,Tim Elko,671284,R,671284,CH,0.0,0.0,0.0,0.0,0.0,0.0,0.0,0.0,0.0,0,0.0,0.0,0.0,0.0,0.0,0.0,0.0,0,0,0,0,CWS@CIN,CWS,CIN,7
63,Tim Elko,671284,R,671284,CU,1.0,1.0,1.0,0.0,2.014,5.0,3.0,101.4,1.0,1,1.0,1.0,0.0,0.0,1.0,0.0,0.0,0,0,0,1,CWS@CIN,CWS,CIN,7
64,Tim Elko,671284,R,671284,FC,2.0,0.0,0.0,0.0,0.0,0.0,0.0,74.5,0.0,2,0.0,0.0,1.0,0.0,0.0,0.0,0.0,0,0,0,0,CWS@CIN,CWS,CIN,7
65,Tim Elko,671284,R,671284,FF,1.0,0.0,0.0,1.0,0.0,0.0,0.0,0.0,0.0,0,0.0,0.0,0.0,0.0,0.0,1.0,0.0,0,0,0,0,CWS@CIN,CWS,CIN,7
66,Tim Elko,671284,R,671284,SI,3.0,0.0,0.0,0.125,0.0,0.0,0.0,81.83333333333333,0.0,3,0.0,0.0,0.667,0.0,0.333,0.0,0.0,0,0,0,0,CWS@CIN,CWS,CIN,7
67,Tim Elko,671284,R,671284,SL,1.0,0.0,0.0,0.5,0.0,0.0,0.0,0.0,0.0,0,0.0,0.0,0.0,0.0,0.0,1.0,0.0,0,0,0,0,CWS@CIN,CWS,CIN,7
68,Josh Palacios,641943,R,641943,CH,53.0,11.0,0.208,0.154,0.25287499999999996,0.586,0.13200000000000003,81.87872340425533,0.615,47,0.064,0.319,0.66,0.085,0.191,0.123,0.053,7,2,1,1,CWS@CIN,CWS,CIN,8
69,Josh Palacios,641943,R,641943,CU,29.0,7.0,0.241,0.185,0.3144193548387097,0.738,0.20700000000000002,90.75,0.5,22,0.045,0.455,0.5,0.227,0.227,0.226,0.032,3,3,0,1,CWS@CIN,CWS,CIN,8
70,Josh Palacios,641943,R,641943,FC,29.0,7.0,0.241,0.104,0.3034117647058824,0.663,0.069,90.91153846153846,0.571,26,0.038,0.538,0.462,0.385,0.154,0.088,0.088,5,2,0,0,CWS@CIN,CWS,CIN,8
71,Josh Palacios,641943,R,641943,FF,96.0,25.0,0.26,0.109,0.29699999999999993,0.675,0.09399999999999997,93.15844155844155,0.55,77,0.104,0.545,0.429,0.273,0.247,0.189,0.066,22,0,0,3,CWS@CIN,CWS,CIN,8
73,Josh Palacios,641943,R,641943,SI,39.0,11.0,0.282,0.08,0.42028260869565215,0.998,0.333,93.19999999999999,0.625,31,0.161,0.548,0.484,0.258,0.258,0.191,0.149,4,4,0,3,CWS@CIN,CWS,CIN,8
74,Josh Palacios,641943,R,641943,SL,32.0,8.0,0.25,0.208,0.3404594594594594,0.789,0.188,95.0608695652174,0.571,23,0.043,0.522,0.609,0.13,0.174,0.243,0.135,5,1,1,1,CWS@CIN,CWS,CIN,8
77,Brooks Baldwin,681460,R,681460,CH,23.0,5.0,0.217,0.08,0.30374999999999996,0.728,0.261,86.10909090909091,0.417,22,0.091,0.364,0.455,0.273,0.273,0.042,0.042,3,0,0,2,CWS@CIN,CWS,CIN,9
79,Brooks Baldwin,681460,R,681460,CU,16.0,3.0,0.188,0.214,0.184875,0.438,0.062,88.8,0.667,8,0.125,0.375,0.625,0.125,0.25,0.5,0.0,2,1,0,0,CWS@CIN,CWS,CIN,9
81,Brooks Baldwin,681460,R,681460,FC,12.0,6.0,0.5,0.106,0.5257499999999999,1.25,0.25,96.91999999999999,0.571,10,0.0,0.6,0.3,0.5,0.2,0.167,0.0,3,3,0,0,CWS@CIN,CWS,CIN,9
82,Brooks Baldwin,681460,R,681460,FF,69.0,10.0,0.145,0.161,0.19245205479452054,0.438,0.101,90.635,0.55,40,0.075,0.4,0.25,0.125,0.375,0.397,0.055,7,1,0,2,CWS@CIN,CWS,CIN,9
85,Brooks Baldwin,681460,R,681460,SI,12.0,5.0,0.417,0.169,0.389,0.917,0.08300000000000002,91.8125,0.6,8,0.0,0.625,0.375,0.5,0.125,0.333,0.0,4,1,0,0,CWS@CIN,CWS,CIN,9
86,Brooks Baldwin,681460,R,681460,SL,26.0,6.0,0.231,0.207,0.257,0.592,0.154,84.63684210526316,0.364,19,0.105,0.316,0.316,0.211,0.368,0.345,0.0,4,1,0,1,CWS@CIN,CWS,CIN,9
0,TJ Friedl,670770,R,670770,CH,120.0,27.0,0.225,0.133,0.25507751937984496,0.579,0.07499999999999998,77.8731182795699,0.289,93,0.022,0.204,0.516,0.215,0.194,0.209,0.062,20,6,0,1,CWS@CIN,CIN,CWS,1
1,TJ Friedl,670770,R,670770,CU,54.0,9.0,0.167,0.074,0.2975238095238095,0.666,0.222,84.01315789473684,0.267,38,0.053,0.263,0.605,0.184,0.211,0.277,0.077,3,3,0,3,CWS@CIN,CIN,CWS,1
3,TJ Friedl,670770,R,670770,FC,61.0,20.0,0.328,0.045,0.4524084507042253,1.077,0.34400000000000003,87.30847457627118,0.385,59,0.051,0.407,0.288,0.237,0.424,0.068,0.122,11,2,2,5,CWS@CIN,CIN,CWS,1
4,TJ Friedl,670770,R,670770,FF,267.0,74.0,0.277,0.042,0.3594189189189189,0.839,0.22099999999999997,85.34959016393442,0.285,244,0.041,0.311,0.287,0.225,0.336,0.096,0.079,47,10,2,15,CWS@CIN,CIN,CWS,1
8,TJ Friedl,670770,R,670770,SI,103.0,34.0,0.33,0.027,0.38117094017094016,0.883,0.14599999999999996,89.74891304347825,0.426,92,0.033,0.413,0.457,0.304,0.207,0.102,0.119,26,4,1,3,CWS@CIN,CIN,CWS,1
12,Santiago Espinal,669289,R,669289,CH,13.0,5.0,0.385,0.091,0.35907692307692307,0.847,0.07700000000000001,77.78461538461539,0.286,13,0.0,0.154,0.385,0.308,0.231,0.0,0.0,4,1,0,0,CWS@CIN,CIN,CWS,2
13,Santiago Espinal,669289,R,669289,CU,29.0,4.0,0.138,0.059,0.16443333333333332,0.374,0.06899999999999998,87.3,0.125,22,0.0,0.182,0.636,0.227,0.136,0.233,0.0,2,2,0,0,CWS@CIN,CIN,CWS,2
15,Santiago Espinal,669289,R,669289,FC,30.0,11.0,0.367,0.071,0.3834848484848485,0.891,0.10000000000000003,79.75,0.25,28,0.0,0.143,0.464,0.286,0.143,0.061,0.091,10,0,0,1,CWS@CIN,CIN,CWS,2
16,Santiago Espinal,669289,R,669289,FF,138.0,31.0,0.225,0.072,0.24966666666666665,0.543,0.02099999999999999,87.47372881355932,0.297,118,0.0,0.271,0.407,0.314,0.229,0.142,0.084,28,3,0,0,CWS@CIN,CIN,CWS,2
19,Santiago Espinal,669289,R,669289,SI,84.0,27.0,0.321,0.045,0.33261052631578947,0.741,0.023999999999999966,87.08717948717948,0.31,78,0.0,0.346,0.59,0.282,0.09,0.073,0.094,25,2,0,0,CWS@CIN,CIN,CWS,2
23,Elly De La Cruz,682829,R,682829,CH,137.0,33.0,0.241,0.17,0.30701379310344823,0.728,0.20400000000000001,87.40612244897959,0.478,98,0.082,0.337,0.52,0.296,0.173,0.269,0.055,16,10,3,4,CWS@CIN,CIN,CWS,3
24,Elly De La Cruz,682829,R,682829,CU,102.0,23.0,0.225,0.141,0.2711388888888889,0.629,0.13799999999999998,93.96428571428571,0.692,56,0.107,0.571,0.518,0.286,0.179,0.431,0.037,16,3,1,3,CWS@CIN,CIN,CWS,3
25,Elly De La Cruz,682829,R,682829,FC,84.0,28.0,0.333,0.105,0.4127472527472527,0.992,0.27399999999999997,91.23134328358209,0.621,67,0.09,0.493,0.522,0.224,0.209,0.187,0.077,18,2,3,5,CWS@CIN,CIN,CWS,3
26,Elly De La Cruz,682829,R,682829,FF,240.0,67.0,0.279,0.11,0.37423247232472323,0.887,0.246,93.84900662251655,0.675,151,0.192,0.57,0.437,0.245,0.265,0.328,0.114,35,15,7,10,CWS@CIN,CIN,CWS,3
30,Elly De La Cruz,682829,R,682829,SI,78.0,24.0,0.308,0.081,0.45251063829787236,1.088,0.35900000000000004,96.39137931034483,0.786,58,0.259,0.655,0.517,0.241,0.241,0.221,0.168,10,7,0,7,CWS@CIN,CIN,CWS,3
34,Austin Hays,669720,R,669720,CH,29.0,6.0,0.207,0.252,0.21686206896551724,0.517,0.10300000000000001,88.43076923076923,0.667,13,0.077,0.462,0.462,0.154,0.308,0.552,0.0,5,0,0,1,CWS@CIN,CIN,CWS,4
35,Austin Hays,669720,R,669720,CU,45.0,6.0,0.133,0.145,0.20039583333333333,0.454,0.134,83.52258064516128,0.333,31,0.0,0.194,0.548,0.097,0.194,0.292,0.021,2,3,0,1,CWS@CIN,CIN,CWS,4
37,Austin Hays,669720,R,669720,FC,47.0,11.0,0.234,0.09,0.2251914893617021,0.532,0.06399999999999997,84.1547619047619,0.333,42,0.048,0.286,0.429,0.262,0.238,0.106,0.0,8,3,0,0,CWS@CIN,CIN,CWS,4
38,Austin Hays,669720,R,669720,FF,144.0,37.0,0.257,0.101,0.3525217391304347,0.826,0.236,91.14174757281553,0.627,103,0.136,0.485,0.408,0.126,0.369,0.259,0.086,21,7,0,9,CWS@CIN,CIN,CWS,4
41,Austin Hays,669720,R,669720,SI,115.0,38.0,0.33,0.099,0.35745967741935486,0.828,0.122,88.37254901960785,0.375,102,0.078,0.363,0.49,0.255,0.216,0.112,0.04,30,5,0,3,CWS@CIN,CIN,CWS,4
45,Tyler Stephenson,663886,R,663886,CH,40.0,8.0,0.2,0.197,0.30759183673469387,0.672,0.125,94.91052631578947,1.0,19,0.0,0.684,0.632,0.316,0.053,0.429,0.143,4,3,1,0,CWS@CIN,CIN,CWS,5
46,Tyler Stephenson,663886,R,663886,CU,39.0,8.0,0.205,0.101,0.20082926829268294,0.449,0.0,80.18461538461537,0.364,26,0.0,0.231,0.538,0.308,0.115,0.317,0.049,8,0,0,0,CWS@CIN,CIN,CWS,5
48,Tyler Stephenson,663886,R,663886,FC,47.0,8.0,0.17,0.131,0.25825,0.59,0.17,86.54864864864865,0.421,37,0.054,0.324,0.459,0.162,0.351,0.192,0.096,4,2,0,2,CWS@CIN,CIN,CWS,5
49,Tyler Stephenson,663886,R,663886,FF,184.0,44.0,0.239,0.1,0.32795283018867927,0.749,0.174,92.309375,0.703,128,0.125,0.547,0.375,0.219,0.359,0.271,0.121,31,3,1,9,CWS@CIN,CIN,CWS,5
54,Tyler Stephenson,663886,R,663886,SI,185.0,50.0,0.27,0.084,0.32883414634146335,0.757,0.14599999999999996,90.26068965517241,0.685,145,0.055,0.428,0.621,0.228,0.145,0.195,0.063,33,12,0,5,CWS@CIN,CIN,CWS,5
58,Spencer Steer,668715,R,668715,CH,43.0,6.0,0.14,0.176,0.24814,0.539,0.139,81.79130434782608,0.667,23,0.174,0.391,0.348,0.261,0.261,0.4,0.1,2,3,0,1,CWS@CIN,CIN,CWS,6
59,Spencer Steer,668715,R,668715,CU,46.0,14.0,0.304,0.106,0.41932,1.012,0.34800000000000003,86.97714285714285,0.35,35,0.114,0.314,0.371,0.143,0.429,0.22,0.08,6,4,0,4,CWS@CIN,CIN,CWS,6
61,Spencer Steer,668715,R,668715,FC,70.0,20.0,0.286,0.119,0.40725000000000006,0.962,0.2710000000000001,86.40483870967742,0.469,62,0.081,0.306,0.355,0.258,0.258,0.095,0.155,10,5,1,4,CWS@CIN,CIN,CWS,6
62,Spencer Steer,668715,R,668715,FF,245.0,55.0,0.224,0.105,0.3265694915254237,0.732,0.152,91.37048192771084,0.538,166,0.096,0.452,0.247,0.313,0.325,0.268,0.142,33,13,3,6,CWS@CIN,CIN,CWS,6
67,Spencer Steer,668715,R,668715,SI,247.0,64.0,0.259,0.062,0.31833935018050546,0.726,0.13,86.35388127853881,0.512,219,0.041,0.416,0.53,0.196,0.169,0.108,0.086,47,9,1,7,CWS@CIN,CIN,CWS,6
71,Gavin Lux,666158,R,666158,CH,74.0,19.0,0.257,0.128,0.2843164556962025,0.655,0.09399999999999997,83.66896551724139,0.44,58,0.069,0.345,0.517,0.276,0.155,0.203,0.063,14,4,0,1,CWS@CIN,CIN,CWS,7
72,Gavin Lux,666158,R,666158,CU,36.0,8.0,0.222,0.081,0.2992682926829268,0.671,0.13899999999999998,87.32142857142857,0.692,28,0.036,0.464,0.536,0.321,0.143,0.214,0.119,5,2,0,1,CWS@CIN,CIN,CWS,7
74,Gavin Lux,666158,R,666158,FC,43.0,14.0,0.326,0.104,0.3402,0.798,0.11599999999999999,85.84054054054054,0.5,37,0.027,0.297,0.486,0.243,0.243,0.133,0.044,11,2,0,1,CWS@CIN,CIN,CWS,7
75,Gavin Lux,666158,R,666158,FF,159.0,56.0,0.352,0.078,0.4083854748603352,0.96,0.18300000000000005,91.11111111111111,0.453,126,0.071,0.46,0.429,0.294,0.214,0.184,0.106,36,15,1,4,CWS@CIN,CIN,CWS,7
79,Gavin Lux,666158,R,666158,SI,68.0,21.0,0.309,0.034,0.39351282051282055,0.926,0.22000000000000003,90.15094339622641,0.708,53,0.075,0.472,0.528,0.321,0.132,0.192,0.128,13,4,1,3,CWS@CIN,CIN,CWS,7
82,Matt McLain,680574,R,680574,CH,30.0,5.0,0.167,0.333,0.28696969696969693,0.675,0.266,87.66666666666667,0.833,12,0.167,0.583,0.5,0.167,0.333,0.545,0.091,1,2,0,2,CWS@CIN,CIN,CWS,8
83,Matt McLain,680574,R,680574,CU,22.0,4.0,0.182,0.084,0.26856,0.598,0.136,85.86363636363636,0.2,11,0.091,0.182,0.455,0.182,0.273,0.44,0.0,2,1,1,0,CWS@CIN,CIN,CWS,8
85,Matt McLain,680574,R,680574,FC,18.0,5.0,0.278,0.111,0.3031428571428571,0.659,0.0,77.17142857142858,0.0,14,0.0,0.071,0.643,0.214,0.071,0.19,0.143,5,0,0,0,CWS@CIN,CIN,CWS,8
86,Matt McLain,680574,R,680574,FF,92.0,23.0,0.25,0.109,0.38212844036697247,0.897,0.28300000000000003,90.07619047619048,0.707,63,0.19,0.524,0.27,0.238,0.413,0.273,0.136,11,5,0,7,CWS@CIN,CIN,CWS,8
90,Matt McLain,680574,R,680574,SI,97.0,29.0,0.299,0.053,0.36554867256637164,0.841,0.14400000000000002,91.54,0.611,75,0.08,0.547,0.493,0.307,0.173,0.195,0.133,21,4,2,2,CWS@CIN,CIN,CWS,8
94,Will Benson,666181,R,666181,CH,56.0,12.0,0.214,0.203,0.31915625,0.742,0.215,85.22142857142856,0.538,28,0.107,0.357,0.536,0.25,0.214,0.438,0.125,7,1,1,3,CWS@CIN,CIN,CWS,9
95,Will Benson,666181,R,666181,CU,62.0,16.0,0.258,0.152,0.29017187499999997,0.684,0.14500000000000002,88.06756756756756,0.556,37,0.054,0.378,0.459,0.351,0.135,0.391,0.031,11,3,0,2,CWS@CIN,CIN,CWS,9
96,Will Benson,666181,R,666181,FC,36.0,8.0,0.222,0.131,0.36146511627906974,0.849,0.278,93.575,0.636,24,0.125,0.458,0.458,0.167,0.292,0.279,0.163,3,2,1,2,CWS@CIN,CIN,CWS,9
97,Will Benson,666181,R,666181,FF,189.0,49.0,0.259,0.146,0.37424200913242006,0.881,0.265,92.92032520325203,0.59,123,0.163,0.496,0.236,0.276,0.398,0.308,0.127,21,14,6,8,CWS@CIN,CIN,CWS,9
102,Will Benson,666181,R,666181,SI,64.0,21.0,0.328,0.124,0.4000135135135135,0.935,0.188,93.17272727272729,0.519,44,0.114,0.545,0.386,0.318,0.295,0.27,0.135,13,6,0,2,CWS@CIN,CIN,CWS,9
4,Chandler Simpson,802415,R,802415,FF,26.0,10.0,0.385,0.013,0.3861481481481481,0.879,0.11499999999999999,85.88888888888889,0.133,27,0.0,0.111,0.444,0.444,0.111,0.0,0.034,7,3,0,0,TB@TOR,TB,TOR,1
5,Chandler Simpson,802415,R,802415,FS,4.0,0.0,0.0,0.667,0.0,0.0,0.0,85.9,0.0,1,0.0,0.0,1.0,0.0,0.0,0.75,0.0,0,0,0,0,TB@TOR,TB,TOR,1
6,Chandler Simpson,802415,R,802415,SI,4.0,1.0,0.25,0.0,0.21375,0.5,0.0,74.26666666666667,0.0,3,0.0,0.0,0.667,0.333,0.0,0.25,0.0,1,0,0,0,TB@TOR,TB,TOR,1
7,Chandler Simpson,802415,R,802415,SL,1.0,1.0,1.0,0.0,0.776,2.0,0.0,83.8,0.0,1,0.0,0.0,0.0,1.0,0.0,0.0,0.5,1,0,0,0,TB@TOR,TB,TOR,1
14,Brandon Lowe,664040,R,664040,FF,180.0,50.0,0.278,0.147,0.40346859903381643,0.966,0.31599999999999995,94.24201680672269,0.679,119,0.185,0.571,0.269,0.261,0.42,0.295,0.13,27,5,2,16,TB@TOR,TB,TOR,2
16,Brandon Lowe,664040,R,664040,FS,51.0,9.0,0.176,0.241,0.23989090909090907,0.55,0.138,88.45454545454545,0.438,33,0.061,0.424,0.394,0.212,0.273,0.327,0.073,6,1,0,2,TB@TOR,TB,TOR,2
18,Brandon Lowe,664040,R,664040,SI,69.0,17.0,0.246,0.091,0.3163614457831326,0.692,0.07300000000000001,93.46499999999999,0.679,60,0.1,0.533,0.533,0.317,0.15,0.108,0.169,12,5,0,0,TB@TOR,TB,TOR,2
19,Brandon Lowe,664040,R,664040,SL,98.0,20.0,0.204,0.213,0.3131043478260869,0.71,0.18400000000000002,90.9047619047619,0.649,63,0.095,0.524,0.27,0.238,0.349,0.304,0.104,13,1,1,5,TB@TOR,TB,TOR,2
26,Junior Caminero,691406,R,691406,FF,52.0,16.0,0.308,0.145,0.43341818181818176,1.057,0.40399999999999997,95.59428571428572,0.783,35,0.257,0.686,0.257,0.257,0.4,0.309,0.055,8,1,1,6,TB@TOR,TB,TOR,3
27,Junior Caminero,691406,R,691406,FS,12.0,2.0,0.167,0.227,0.25339999999999996,0.5,0.0,92.875,0.0,8,0.0,0.375,0.875,0.0,0.0,0.267,0.2,2,0,0,0,TB@TOR,TB,TOR,3
28,Junior Caminero,691406,R,691406,SI,58.0,16.0,0.276,0.079,0.2626206896551724,0.621,0.06899999999999995,88.91372549019609,0.538,51,0.059,0.451,0.647,0.176,0.078,0.121,0.0,14,1,0,1,TB@TOR,TB,TOR,3
29,Junior Caminero,691406,R,691406,SL,64.0,14.0,0.219,0.162,0.30313235294117646,0.714,0.234,87.64444444444445,0.706,45,0.178,0.422,0.556,0.222,0.156,0.29,0.058,3,9,0,2,TB@TOR,TB,TOR,3
36,Jonathan Aranda,666018,R,666018,FF,78.0,20.0,0.256,0.135,0.37956382978723396,0.879,0.244,95.32765957446807,0.692,47,0.17,0.617,0.362,0.17,0.383,0.337,0.147,11,4,0,5,TB@TOR,TB,TOR,4
37,Jonathan Aranda,666018,R,666018,FS,19.0,3.0,0.158,0.085,0.20723809523809525,0.449,0.05299999999999999,86.7625,0.333,16,0.0,0.312,0.625,0.062,0.312,0.143,0.095,2,1,0,0,TB@TOR,TB,TOR,4
38,Jonathan Aranda,666018,R,666018,SI,45.0,13.0,0.289,0.057,0.32305882352941173,0.729,0.067,97.42941176470588,0.857,34,0.118,0.676,0.588,0.294,0.118,0.216,0.118,10,3,0,0,TB@TOR,TB,TOR,4
39,Jonathan Aranda,666018,R,666018,SL,35.0,13.0,0.371,0.182,0.4489473684210526,1.067,0.28600000000000003,88.41363636363636,0.778,22,0.182,0.545,0.545,0.045,0.364,0.359,0.051,8,2,1,2,TB@TOR,TB,TOR,4
45,Kameron Misner,670224,R,670224,FF,30.0,10.0,0.333,0.132,0.4032121212121212,0.949,0.23399999999999993,96.6,0.714,18,0.111,0.667,0.167,0.389,0.389,0.382,0.088,6,2,1,1,TB@TOR,TB,TOR,5
46,Kameron Misner,670224,R,670224,FS,7.0,2.0,0.286,0.143,0.24428571428571427,0.572,0.0,90.10000000000001,0.0,6,0.0,0.333,0.667,0.167,0.167,0.143,0.0,2,0,0,0,TB@TOR,TB,TOR,5
47,Kameron Misner,670224,R,670224,SI,13.0,4.0,0.308,0.104,0.3935625,0.9,0.15400000000000003,82.46000000000001,0.0,10,0.0,0.1,0.7,0.2,0.1,0.188,0.188,2,2,0,0,TB@TOR,TB,TOR,5
48,Kameron Misner,670224,R,670224,SL,9.0,3.0,0.333,0.191,0.32866666666666666,0.777,0.11099999999999999,76.05,0.0,4,0.0,0.0,0.0,1.0,0.0,0.556,0.0,2,1,0,0,TB@TOR,TB,TOR,5
55,Jose Caballero,676609,R,676609,FF,135.0,29.0,0.215,0.11,0.317741935483871,0.727,0.19999999999999998,87.20860215053763,0.5,93,0.086,0.387,0.204,0.194,0.409,0.28,0.108,15,7,1,6,TB@TOR,TB,TOR,6
56,Jose Caballero,676609,R,676609,FS,17.0,3.0,0.176,0.172,0.17400000000000002,0.411,0.059,82.01818181818182,0.4,11,0.0,0.273,0.455,0.455,0.0,0.353,0.0,2,1,0,0,TB@TOR,TB,TOR,6
57,Jose Caballero,676609,R,676609,SI,110.0,33.0,0.3,0.037,0.33864227642276423,0.771,0.10000000000000003,81.97978723404256,0.273,94,0.011,0.255,0.457,0.33,0.138,0.137,0.073,23,9,1,0,TB@TOR,TB,TOR,6
58,Jose Caballero,676609,R,676609,SL,105.0,20.0,0.19,0.177,0.21481651376146788,0.496,0.08600000000000002,81.45735294117648,0.375,68,0.044,0.235,0.441,0.206,0.265,0.339,0.028,15,3,0,2,TB@TOR,TB,TOR,6
64,Taylor Walls,670764,R,670764,FF,192.0,33.0,0.172,0.121,0.2682380952380952,0.566,0.08800000000000002,89.81407407407407,0.4,135,0.037,0.378,0.274,0.193,0.437,0.26,0.162,25,3,1,4,TB@TOR,TB,TOR,7
66,Taylor Walls,670764,R,670764,FS,23.0,1.0,0.043,0.188,0.1133076923076923,0.197,0.0,74.72307692307692,0.333,13,0.0,0.077,0.615,0.231,0.0,0.385,0.115,1,0,0,0,TB@TOR,TB,TOR,7
68,Taylor Walls,670764,R,670764,SI,58.0,9.0,0.155,0.072,0.23682089552238805,0.51,0.086,88.7304347826087,0.455,46,0.065,0.348,0.457,0.174,0.304,0.179,0.134,5,3,1,0,TB@TOR,TB,TOR,7
69,Taylor Walls,670764,R,670764,SL,42.0,9.0,0.214,0.1,0.2778510638297872,0.631,0.11900000000000002,80.96923076923076,0.077,26,0.038,0.077,0.346,0.154,0.346,0.34,0.106,7,0,1,1,TB@TOR,TB,TOR,7
76,Travis Jankowski,608671,R,608671,FF,211.0,53.0,0.251,0.043,0.2878025210084033,0.636,0.05199999999999999,87.53241758241758,0.241,182,0.0,0.319,0.484,0.253,0.225,0.129,0.104,44,8,0,1,TB@TOR,TB,TOR,8
77,Travis Jankowski,608671,R,608671,FS,17.0,3.0,0.176,0.24,0.20305555555555557,0.457,0.059,84.8,0.333,12,0.0,0.333,0.667,0.167,0.083,0.278,0.056,2,1,0,0,TB@TOR,TB,TOR,8
78,Travis Jankowski,608671,R,608671,SI,46.0,12.0,0.261,0.025,0.3077454545454545,0.665,0.021999999999999964,84.45897435897436,0.111,39,0.0,0.256,0.692,0.154,0.077,0.127,0.164,11,1,0,0,TB@TOR,TB,TOR,8
79,Travis Jankowski,608671,R,608671,SL,54.0,12.0,0.222,0.131,0.27856666666666663,0.628,0.11100000000000002,82.50285714285714,0.25,35,0.029,0.2,0.6,0.171,0.171,0.328,0.098,9,1,1,1,TB@TOR,TB,TOR,8
85,Ben Rortvedt,666163,R,666163,FF,111.0,18.0,0.162,0.077,0.259029197080292,0.528,0.044999999999999984,85.95402298850574,0.35,87,0.046,0.287,0.368,0.138,0.322,0.175,0.182,15,2,0,1,TB@TOR,TB,TOR,9
86,Ben Rortvedt,666163,R,666163,FS,19.0,2.0,0.105,0.214,0.12035,0.255,0.0,75.94166666666666,0.0,12,0.0,0.25,0.917,0.0,0.0,0.35,0.05,2,0,0,0,TB@TOR,TB,TOR,9
87,Ben Rortvedt,666163,R,666163,SI,46.0,14.0,0.304,0.052,0.3734821428571428,0.842,0.10899999999999999,90.16756756756756,0.471,37,0.054,0.459,0.514,0.243,0.216,0.161,0.161,11,2,0,1,TB@TOR,TB,TOR,9
88,Ben Rortvedt,666163,R,666163,SL,40.0,9.0,0.225,0.178,0.29233333333333333,0.661,0.12499999999999997,89.7695652173913,0.467,23,0.043,0.391,0.261,0.348,0.304,0.378,0.089,6,2,0,1,TB@TOR,TB,TOR,9
4,Bo Bichette,666182,R,666182,FF,191.0,63.0,0.33,0.102,0.3915308056872038,0.922,0.199,93.08533333333332,0.709,150,0.093,0.62,0.427,0.327,0.2,0.194,0.076,44,9,1,9,TB@TOR,TOR,TB,1
5,Bo Bichette,666182,R,666182,FS,21.0,4.0,0.19,0.227,0.24118181818181814,0.56,0.14300000000000002,83.51428571428572,0.5,14,0.143,0.286,0.571,0.143,0.286,0.318,0.0,3,0,0,1,TB@TOR,TOR,TB,1
7,Bo Bichette,666182,R,666182,SI,198.0,60.0,0.303,0.041,0.31568246445497633,0.728,0.08100000000000002,88.55114942528735,0.482,174,0.052,0.466,0.672,0.27,0.052,0.118,0.061,48,10,0,2,TB@TOR,TOR,TB,1
8,Bo Bichette,666182,R,666182,SL,218.0,51.0,0.234,0.189,0.2649330357142857,0.623,0.13799999999999998,88.45818181818181,0.407,165,0.091,0.345,0.37,0.339,0.212,0.247,0.026,33,11,2,5,TB@TOR,TOR,TB,1
9,Bo Bichette,666182,R,666182,ST,69.0,16.0,0.232,0.175,0.25054929577464785,0.587,0.101,83.70204081632653,0.212,49,0.061,0.204,0.204,0.327,0.347,0.282,0.014,10,5,1,0,TB@TOR,TOR,TB,1
15,Vladimir Guerrero Jr.,665489,R,665489,FF,258.0,74.0,0.287,0.103,0.3783627118644068,0.887,0.22500000000000003,93.76403940886699,0.634,203,0.182,0.552,0.315,0.291,0.315,0.189,0.115,43,17,1,13,TB@TOR,TOR,TB,2
17,Vladimir Guerrero Jr.,665489,R,665489,FS,35.0,7.0,0.2,0.217,0.3143888888888889,0.765,0.343,88.98,0.615,25,0.16,0.48,0.48,0.28,0.24,0.278,0.028,3,0,0,4,TB@TOR,TOR,TB,2
20,Vladimir Guerrero Jr.,665489,R,665489,SI,251.0,81.0,0.323,0.045,0.36461921708185047,0.838,0.123,93.07381974248928,0.556,233,0.086,0.545,0.592,0.275,0.112,0.071,0.081,60,16,0,5,TB@TOR,TOR,TB,2
21,Vladimir Guerrero Jr.,665489,R,665489,SL,236.0,67.0,0.284,0.148,0.36178823529411763,0.854,0.23700000000000004,92.32171717171718,0.551,198,0.121,0.475,0.434,0.247,0.247,0.159,0.074,39,14,0,14,TB@TOR,TOR,TB,2
22,Vladimir Guerrero Jr.,665489,R,665489,ST,98.0,26.0,0.265,0.175,0.3398571428571428,0.804,0.22499999999999998,92.49324324324324,0.6,74,0.189,0.5,0.324,0.27,0.338,0.229,0.057,14,7,0,5,TB@TOR,TOR,TB,2
27,Anthony Santander,623993,R,623993,FF,331.0,71.0,0.215,0.098,0.3045277777777778,0.713,0.223,89.90323886639676,0.546,247,0.105,0.405,0.291,0.202,0.324,0.242,0.077,37,14,0,20,TB@TOR,TOR,TB,3
28,Anthony Santander,623993,R,623993,FS,63.0,18.0,0.286,0.1,0.33540909090909093,0.794,0.19,90.11200000000001,0.577,50,0.1,0.46,0.4,0.32,0.2,0.197,0.045,12,3,0,3,TB@TOR,TOR,TB,3
30,Anthony Santander,623993,R,623993,SI,116.0,32.0,0.276,0.06,0.3732301587301587,0.893,0.28400000000000003,91.91485148514852,0.596,101,0.119,0.485,0.317,0.228,0.287,0.119,0.079,15,8,2,7,TB@TOR,TOR,TB,3
31,Anthony Santander,623993,R,623993,SL,132.0,31.0,0.235,0.145,0.33437671232876714,0.783,0.242,89.52727272727273,0.491,99,0.081,0.394,0.242,0.202,0.333,0.231,0.068,13,11,0,7,TB@TOR,TOR,TB,3
32,Anthony Santander,623993,R,623993,ST,36.0,9.0,0.25,0.077,0.360325,0.845,0.278,90.36451612903227,0.438,31,0.097,0.419,0.258,0.194,0.323,0.146,0.049,5,1,0,3,TB@TOR,TOR,TB,3
38,George Springer,543807,R,543807,FF,254.0,71.0,0.28,0.107,0.36591986062717774,0.856,0.21599999999999997,92.49744897959184,0.631,196,0.138,0.536,0.352,0.281,0.286,0.204,0.104,44,12,2,13,TB@TOR,TOR,TB,4
40,George Springer,543807,R,543807,FS,23.0,4.0,0.174,0.205,0.23708,0.544,0.13,83.91875,0.333,16,0.125,0.25,0.5,0.125,0.25,0.28,0.08,2,1,1,0,TB@TOR,TOR,TB,4
42,George Springer,543807,R,543807,SI,211.0,60.0,0.284,0.072,0.3341198347107438,0.755,0.09500000000000003,89.2778947368421,0.52,190,0.063,0.453,0.595,0.263,0.132,0.087,0.107,46,11,0,3,TB@TOR,TOR,TB,4
43,George Springer,543807,R,543807,SL,218.0,42.0,0.193,0.163,0.23986086956521735,0.554,0.128,85.3130177514793,0.431,169,0.089,0.32,0.527,0.166,0.26,0.216,0.047,28,7,0,7,TB@TOR,TOR,TB,4
44,George Springer,543807,R,543807,ST,81.0,15.0,0.185,0.13,0.2453863636363636,0.559,0.124,84.09193548387097,0.483,62,0.081,0.29,0.339,0.177,0.29,0.216,0.08,9,4,0,2,TB@TOR,TOR,TB,4
50,Daulton Varsho,662139,R,662139,FF,294.0,61.0,0.207,0.143,0.32046130952380947,0.744,0.232,89.94207920792078,0.517,202,0.094,0.421,0.223,0.208,0.376,0.278,0.118,30,11,3,17,TB@TOR,TOR,TB,5
52,Daulton Varsho,662139,R,662139,FS,31.0,5.0,0.161,0.075,0.21267741935483872,0.516,0.19399999999999998,83.98,0.5,25,0.08,0.28,0.48,0.12,0.36,0.194,0.0,3,0,0,2,TB@TOR,TOR,TB,5
54,Daulton Varsho,662139,R,662139,SI,91.0,21.0,0.231,0.086,0.2997272727272727,0.7,0.17599999999999996,91.63636363636364,0.5,66,0.061,0.485,0.379,0.212,0.303,0.253,0.081,14,2,1,4,TB@TOR,TOR,TB,5
55,Daulton Varsho,662139,R,662139,SL,91.0,14.0,0.154,0.164,0.2361938775510204,0.544,0.17600000000000002,85.86200000000001,0.5,50,0.1,0.36,0.26,0.24,0.36,0.418,0.041,6,4,0,4,TB@TOR,TOR,TB,5
56,Daulton Varsho,662139,R,662139,ST,18.0,3.0,0.167,0.111,0.24468181818181814,0.471,0.0,90.70833333333333,0.222,12,0.0,0.167,0.083,0.25,0.5,0.304,0.13,3,0,0,0,TB@TOR,TOR,TB,5
62,Alejandro Kirk,672386,R,672386,FF,135.0,35.0,0.259,0.072,0.320583850931677,0.698,0.067,91.37024793388429,0.613,121,0.074,0.537,0.397,0.248,0.264,0.104,0.152,26,9,0,0,TB@TOR,TOR,TB,6
63,Alejandro Kirk,672386,R,672386,FS,24.0,7.0,0.292,0.193,0.29992,0.695,0.08300000000000002,86.66111111111111,0.625,18,0.056,0.389,0.5,0.278,0.167,0.24,0.0,5,2,0,0,TB@TOR,TOR,TB,6
64,Alejandro Kirk,672386,R,672386,SI,144.0,35.0,0.243,0.037,0.2893167701863354,0.645,0.08300000000000002,89.607299270073,0.508,137,0.058,0.445,0.511,0.255,0.175,0.055,0.074,29,3,0,3,TB@TOR,TOR,TB,6
65,Alejandro Kirk,672386,R,672386,SL,116.0,30.0,0.259,0.083,0.28674400000000005,0.652,0.08599999999999997,87.90388349514564,0.357,103,0.049,0.388,0.544,0.243,0.165,0.118,0.063,24,4,0,2,TB@TOR,TOR,TB,6
66,Alejandro Kirk,672386,R,672386,ST,40.0,9.0,0.225,0.076,0.26527272727272727,0.595,0.07499999999999998,89.75142857142858,0.316,35,0.029,0.4,0.371,0.286,0.257,0.114,0.068,8,0,0,1,TB@TOR,TOR,TB,6
72,Addison Barger,680718,R,680718,FF,79.0,15.0,0.19,0.128,0.2556627906976744,0.585,0.139,90.905,0.533,60,0.05,0.367,0.367,0.233,0.267,0.221,0.081,8,5,0,2,TB@TOR,TOR,TB,7
73,Addison Barger,680718,R,680718,FS,11.0,4.0,0.364,0.096,0.4005384615384615,0.884,0.09100000000000003,84.6,0.5,9,0.111,0.444,0.667,0.222,0.0,0.143,0.143,3,1,0,0,TB@TOR,TOR,TB,7
75,Addison Barger,680718,R,680718,SI,26.0,7.0,0.269,0.083,0.29114814814814816,0.671,0.11599999999999999,93.2909090909091,0.545,22,0.091,0.545,0.455,0.273,0.227,0.179,0.036,4,3,0,0,TB@TOR,TOR,TB,7
76,Addison Barger,680718,R,680718,SL,16.0,3.0,0.188,0.136,0.2831764705882353,0.673,0.25,90.53999999999999,0.4,10,0.1,0.5,0.3,0.2,0.3,0.353,0.059,1,1,0,1,TB@TOR,TOR,TB,7
77,Addison Barger,680718,R,680718,ST,11.0,1.0,0.091,0.153,0.13183333333333333,0.258,0.0,95.72,0.4,5,0.2,0.4,0.0,0.4,0.6,0.5,0.0,1,0,0,0,TB@TOR,TOR,TB,7
83,Ernie Clement,676391,R,676391,FF,92.0,23.0,0.25,0.067,0.2982234042553192,0.706,0.196,88.80352941176471,0.347,85,0.047,0.235,0.224,0.176,0.4,0.094,0.021,15,3,0,5,TB@TOR,TOR,TB,8
84,Ernie Clement,676391,R,676391,FS,8.0,2.0,0.25,0.105,0.21375,0.5,0.0,73.42857142857143,0.5,7,0.0,0.143,0.571,0.143,0.143,0.125,0.0,2,0,0,0,TB@TOR,TOR,TB,8
85,Ernie Clement,676391,R,676391,SI,72.0,27.0,0.375,0.053,0.4138974358974359,0.974,0.18100000000000005,86.26470588235294,0.516,68,0.015,0.382,0.485,0.309,0.147,0.063,0.051,18,6,2,1,TB@TOR,TOR,TB,8
86,Ernie Clement,676391,R,676391,SL,90.0,19.0,0.211,0.109,0.22119565217391302,0.515,0.07799999999999999,82.87662337662337,0.364,77,0.026,0.208,0.481,0.247,0.182,0.151,0.022,16,1,0,2,TB@TOR,TOR,TB,8
87,Ernie Clement,676391,R,676391,ST,38.0,15.0,0.395,0.079,0.3581842105263158,0.842,0.05199999999999999,84.13529411764705,0.2,34,0.029,0.206,0.235,0.471,0.265,0.105,0.0,13,2,0,0,TB@TOR,TOR,TB,8
93,Nathan Lukes,664770,R,664770,FF,53.0,13.0,0.245,0.082,0.33611290322580645,0.743,0.16999999999999998,84.92291666666667,0.28,48,0.021,0.292,0.375,0.229,0.292,0.149,0.134,7,4,1,1,TB@TOR,TOR,TB,9
94,Nathan Lukes,664770,R,664770,FS,9.0,3.0,0.333,0.031,0.3262,0.697,0.0,88.01111111111112,0.429,9,0.0,0.333,0.222,0.444,0.333,0.091,0.091,3,0,0,0,TB@TOR,TOR,TB,9
95,Nathan Lukes,664770,R,664770,SI,15.0,3.0,0.2,0.08,0.256,0.561,0.067,86.80909090909091,0.75,11,0.091,0.545,0.636,0.182,0.182,0.235,0.118,2,1,0,0,TB@TOR,TOR,TB,9
96,Nathan Lukes,664770,R,664770,SL,14.0,6.0,0.429,0.08,0.5137333333333333,1.253,0.35700000000000004,83.35000000000001,0.714,12,0.0,0.5,0.25,0.333,0.25,0.133,0.067,4,0,1,1,TB@TOR,TOR,TB,9
97,Nathan Lukes,664770,R,664770,ST,6.0,3.0,0.5,0.091,0.4275,1.0,0.0,87.42,0.25,5,0.0,0.2,0.2,0.4,0.4,0.167,0.0,3,0,0,0,TB@TOR,TOR,TB,9
0,Jeremy Pena,665161,R,665161,CH,31.0,7.0,0.226,0.2,0.2953636363636364,0.692,0.19299999999999998,84.24782608695652,0.5,23,0.043,0.435,0.652,0.174,0.174,0.242,0.03,3,3,0,1,HOU@TEX,HOU,TEX,1
2,Jeremy Pena,665161,R,665161,CU,54.0,16.0,0.296,0.229,0.34566071428571427,0.816,0.20400000000000001,87.40714285714286,0.444,42,0.071,0.31,0.524,0.214,0.214,0.228,0.035,9,5,0,2,HOU@TEX,HOU,TEX,1
5,Jeremy Pena,665161,R,665161,FF,213.0,58.0,0.272,0.083,0.3407958333333333,0.78,0.15999999999999998,89.67836257309942,0.515,171,0.07,0.462,0.351,0.263,0.304,0.184,0.086,40,10,0,8,HOU@TEX,HOU,TEX,1
10,Jeremy Pena,665161,R,665161,SL,248.0,54.0,0.218,0.207,0.24663178294573643,0.573,0.10900000000000001,87.3820652173913,0.392,184,0.049,0.326,0.516,0.201,0.228,0.25,0.038,39,9,0,6,HOU@TEX,HOU,TEX,1
13,Jose Altuve,514888,R,514888,CH,66.0,15.0,0.227,0.145,0.24926470588235294,0.583,0.10600000000000001,81.75625000000001,0.4,48,0.021,0.208,0.625,0.146,0.167,0.265,0.029,10,4,0,1,HOU@TEX,HOU,TEX,2
14,Jose Altuve,514888,R,514888,CU,66.0,18.0,0.273,0.158,0.2879,0.662,0.07499999999999996,81.90196078431373,0.19,51,0.02,0.196,0.529,0.275,0.137,0.214,0.043,15,2,0,1,HOU@TEX,HOU,TEX,2
16,Jose Altuve,514888,R,514888,FF,199.0,67.0,0.337,0.079,0.4282162162162162,1.023,0.28099999999999997,89.30379746835443,0.526,158,0.108,0.399,0.437,0.184,0.31,0.185,0.095,43,8,0,16,HOU@TEX,HOU,TEX,2
20,Jose Altuve,514888,R,514888,SL,179.0,53.0,0.296,0.127,0.35075510204081634,0.819,0.16800000000000004,85.75906040268457,0.443,149,0.06,0.322,0.456,0.228,0.242,0.157,0.086,38,7,1,7,HOU@TEX,HOU,TEX,2
23,Isaac Paredes,670623,R,670623,CH,54.0,15.0,0.278,0.13,0.37668749999999995,0.866,0.20299999999999996,83.13589743589743,0.4,39,0.051,0.231,0.359,0.256,0.256,0.246,0.138,8,5,0,2,HOU@TEX,HOU,TEX,3
24,Isaac Paredes,670623,R,670623,CU,54.0,8.0,0.148,0.09,0.28923076923076924,0.644,0.204,82.84594594594596,0.471,37,0.081,0.243,0.378,0.135,0.324,0.262,0.154,3,2,0,3,HOU@TEX,HOU,TEX,3
27,Isaac Paredes,670623,R,670623,FF,271.0,69.0,0.255,0.053,0.36620245398773005,0.839,0.20600000000000002,87.87092511013216,0.477,227,0.053,0.33,0.269,0.273,0.291,0.14,0.128,42,12,1,14,HOU@TEX,HOU,TEX,3
32,Isaac Paredes,670623,R,670623,SL,183.0,37.0,0.202,0.112,0.2897178217821782,0.666,0.191,83.53793103448275,0.299,145,0.048,0.241,0.29,0.283,0.317,0.2,0.078,22,5,0,10,HOU@TEX,HOU,TEX,3
35,Christian Walker,572233,R,572233,CH,72.0,25.0,0.347,0.166,0.43352702702702706,1.041,0.3340000000000001,88.23620689655172,0.619,58,0.155,0.448,0.5,0.155,0.207,0.2,0.027,13,6,0,6,HOU@TEX,HOU,TEX,4
37,Christian Walker,572233,R,572233,CU,47.0,13.0,0.277,0.149,0.4249607843137255,1.035,0.42499999999999993,92.0851851851852,0.588,27,0.185,0.556,0.333,0.222,0.407,0.392,0.059,5,2,0,6,HOU@TEX,HOU,TEX,4
39,Christian Walker,572233,R,572233,FF,224.0,48.0,0.214,0.14,0.34988636363636366,0.812,0.268,92.09333333333333,0.533,150,0.167,0.48,0.193,0.22,0.48,0.285,0.131,16,18,0,14,HOU@TEX,HOU,TEX,4
44,Christian Walker,572233,R,572233,SL,196.0,42.0,0.214,0.171,0.28220476190476185,0.653,0.17900000000000002,88.31267605633802,0.514,142,0.092,0.415,0.359,0.211,0.31,0.274,0.065,23,11,0,8,HOU@TEX,HOU,TEX,4
47,Yainer Diaz,673237,R,673237,CH,45.0,15.0,0.333,0.143,0.408375,0.975,0.26699999999999996,91.51578947368421,0.714,38,0.105,0.5,0.579,0.184,0.184,0.146,0.042,9,3,0,3,HOU@TEX,HOU,TEX,5
48,Yainer Diaz,673237,R,673237,CU,53.0,13.0,0.245,0.179,0.2171320754716981,0.5,0.019000000000000017,85.6625,0.417,40,0.0,0.3,0.65,0.225,0.075,0.273,0.0,12,1,0,0,HOU@TEX,HOU,TEX,5
51,Yainer Diaz,673237,R,673237,FF,152.0,42.0,0.276,0.167,0.34526380368098153,0.814,0.21699999999999997,94.64144144144144,0.621,111,0.099,0.604,0.423,0.216,0.306,0.261,0.048,28,3,3,8,HOU@TEX,HOU,TEX,5
55,Yainer Diaz,673237,R,673237,SL,208.0,51.0,0.245,0.162,0.28481220657276995,0.672,0.16799999999999998,87.87988505747127,0.622,174,0.098,0.425,0.489,0.241,0.23,0.171,0.023,34,8,0,9,HOU@TEX,HOU,TEX,5
58,Victor Caratini,605170,R,605170,CH,53.0,10.0,0.189,0.155,0.23433962264150943,0.566,0.188,88.52307692307693,0.429,39,0.077,0.359,0.615,0.128,0.231,0.264,0.0,6,1,0,3,HOU@TEX,HOU,TEX,6
59,Victor Caratini,605170,R,605170,CU,30.0,5.0,0.167,0.106,0.20572727272727276,0.442,0.033,91.28947368421052,0.455,19,0.0,0.421,0.421,0.263,0.316,0.333,0.061,4,1,0,0,HOU@TEX,HOU,TEX,6
62,Victor Caratini,605170,R,605170,FF,156.0,38.0,0.244,0.057,0.3235310734463277,0.741,0.16599999999999998,91.44779411764705,0.444,136,0.059,0.449,0.471,0.184,0.279,0.118,0.107,26,5,0,7,HOU@TEX,HOU,TEX,6
65,Victor Caratini,605170,R,605170,SL,42.0,11.0,0.262,0.095,0.3325348837209302,0.797,0.262,93.96666666666667,0.5,30,0.167,0.533,0.5,0.233,0.233,0.295,0.023,7,0,1,3,HOU@TEX,HOU,TEX,6
68,Jake Meyers,676694,R,676694,CH,27.0,5.0,0.185,0.118,0.23544827586206896,0.529,0.11099999999999999,84.59,0.222,20,0.1,0.2,0.55,0.25,0.2,0.267,0.067,4,0,0,1,HOU@TEX,HOU,TEX,7
70,Jake Meyers,676694,R,676694,CU,37.0,6.0,0.162,0.11,0.2606428571428571,0.586,0.162,81.16428571428571,0.4,28,0.071,0.25,0.607,0.107,0.25,0.214,0.071,3,1,1,1,HOU@TEX,HOU,TEX,7
73,Jake Meyers,676694,R,676694,FF,178.0,44.0,0.247,0.096,0.3147777777777778,0.722,0.15700000000000003,88.44820143884891,0.512,139,0.072,0.374,0.317,0.259,0.345,0.209,0.09,29,7,3,5,HOU@TEX,HOU,TEX,7
76,Jake Meyers,676694,R,676694,SL,152.0,24.0,0.158,0.185,0.22184848484848482,0.496,0.11800000000000002,82.76435643564358,0.468,101,0.059,0.287,0.475,0.228,0.238,0.321,0.071,14,6,0,4,HOU@TEX,HOU,TEX,7
79,Zach Dezenzo,701305,R,701305,CH,10.0,3.0,0.3,0.286,0.5072727272727273,1.264,0.6000000000000001,94.36666666666667,0.5,6,0.333,0.333,0.167,0.167,0.5,0.364,0.091,1,0,0,2,HOU@TEX,HOU,TEX,8
81,Zach Dezenzo,701305,R,701305,CU,6.0,1.0,0.167,0.097,0.208,0.5,0.166,90.46,0.667,5,0.2,0.4,0.4,0.4,0.2,0.167,0.0,0,1,0,0,HOU@TEX,HOU,TEX,8
84,Zach Dezenzo,701305,R,701305,FF,16.0,4.0,0.25,0.146,0.28927777777777774,0.645,0.062,88.65555555555555,0.375,9,0.111,0.333,0.0,0.333,0.556,0.389,0.111,3,1,0,0,HOU@TEX,HOU,TEX,8
87,Zach Dezenzo,701305,R,701305,SL,20.0,6.0,0.3,0.13,0.3341,0.8,0.2,86.89999999999999,0.857,14,0.143,0.571,0.429,0.214,0.286,0.3,0.0,4,1,0,1,HOU@TEX,HOU,TEX,8
90,Cam Smith,701358,R,701358,CH,3.0,1.0,0.333,0.182,0.6713333333333332,1.666,1.0,104.8,1.0,1,1.0,1.0,0.0,0.0,1.0,0.667,0.0,0,0,0,1,HOU@TEX,HOU,TEX,9
92,Cam Smith,701358,R,701358,CU,5.0,0.0,0.0,0.105,0.0,0.0,0.0,76.975,0.0,4,0.0,0.25,1.0,0.0,0.0,0.2,0.0,0,0,0,0,HOU@TEX,HOU,TEX,9
94,Cam Smith,701358,R,701358,FF,20.0,5.0,0.25,0.136,0.2942916666666667,0.625,0.0,83.09285714285714,0.222,14,0.0,0.214,0.357,0.429,0.214,0.25,0.167,5,0,0,0,HOU@TEX,HOU,TEX,9
97,Cam Smith,701358,R,701358,SL,16.0,2.0,0.125,0.191,0.13143749999999998,0.313,0.063,80.87142857142858,0.5,7,0.0,0.429,0.429,0.429,0.143,0.562,0.0,1,1,0,0,HOU@TEX,HOU,TEX,9
0,Josh Smith,669701,R,669701,CH,105.0,22.0,0.21,0.12,0.23831818181818182,0.548,0.095,85.21052631578948,0.45,95,0.042,0.347,0.526,0.242,0.179,0.099,0.036,16,4,0,2,HOU@TEX,TEX,HOU,1
1,Josh Smith,669701,R,669701,CU,53.0,13.0,0.245,0.097,0.3009322033898305,0.675,0.11299999999999999,83.8027027027027,0.692,37,0.054,0.405,0.622,0.135,0.216,0.283,0.033,9,3,0,1,HOU@TEX,TEX,HOU,1
3,Josh Smith,669701,R,669701,FC,63.0,15.0,0.238,0.093,0.3037246376811594,0.697,0.15900000000000003,82.70961538461538,0.286,52,0.019,0.25,0.404,0.212,0.327,0.171,0.057,9,4,0,2,HOU@TEX,TEX,HOU,1
4,Josh Smith,669701,R,669701,FF,218.0,53.0,0.243,0.079,0.335878431372549,0.763,0.16999999999999998,88.74476744186046,0.45,172,0.076,0.395,0.285,0.227,0.407,0.187,0.117,31,14,1,7,HOU@TEX,TEX,HOU,1
6,Josh Smith,669701,R,669701,SI,73.0,21.0,0.288,0.025,0.3534597701149425,0.799,0.10900000000000004,93.10634920634921,0.559,63,0.063,0.492,0.46,0.317,0.222,0.115,0.161,18,0,1,2,HOU@TEX,TEX,HOU,1
7,Josh Smith,669701,R,669701,SL,72.0,17.0,0.236,0.132,0.3247317073170731,0.746,0.181,90.57959183673469,0.483,49,0.102,0.449,0.327,0.245,0.347,0.28,0.073,9,5,1,2,HOU@TEX,TEX,HOU,1
10,Wyatt Langford,694671,R,694671,CH,25.0,5.0,0.2,0.117,0.26744444444444443,0.61,0.15999999999999998,91.575,0.667,16,0.188,0.438,0.25,0.188,0.375,0.357,0.071,3,1,0,1,HOU@TEX,TEX,HOU,2
11,Wyatt Langford,694671,R,694671,CU,27.0,9.0,0.333,0.095,0.38321428571428573,0.913,0.22300000000000003,85.24166666666666,0.273,24,0.083,0.333,0.333,0.25,0.208,0.107,0.036,5,3,0,1,HOU@TEX,TEX,HOU,2
12,Wyatt Langford,694671,R,694671,FC,36.0,9.0,0.25,0.126,0.32985,0.769,0.194,84.81,0.333,30,0.067,0.333,0.367,0.233,0.367,0.15,0.1,6,1,0,2,HOU@TEX,TEX,HOU,2
13,Wyatt Langford,694671,R,694671,FF,124.0,31.0,0.25,0.106,0.3243642857142857,0.747,0.16099999999999998,94.48351648351648,0.667,91,0.099,0.593,0.352,0.286,0.275,0.236,0.1,22,3,1,5,HOU@TEX,TEX,HOU,2
15,Wyatt Langford,694671,R,694671,SI,127.0,36.0,0.283,0.058,0.32416546762589926,0.745,0.11900000000000005,88.60943396226415,0.525,106,0.057,0.415,0.585,0.189,0.189,0.157,0.071,25,9,0,2,HOU@TEX,TEX,HOU,2
16,Wyatt Langford,694671,R,694671,SL,101.0,20.0,0.198,0.122,0.24733027522935777,0.559,0.10899999999999999,87.12435897435897,0.543,78,0.051,0.423,0.423,0.205,0.244,0.225,0.072,13,5,0,2,HOU@TEX,TEX,HOU,2
19,Joc Pederson,592626,R,592626,CH,115.0,24.0,0.209,0.13,0.24797619047619046,0.549,0.06900000000000003,84.523,0.429,100,0.04,0.29,0.52,0.21,0.21,0.14,0.085,19,3,1,1,HOU@TEX,TEX,HOU,3
20,Joc Pederson,592626,R,592626,CU,78.0,17.0,0.218,0.115,0.2922650602409639,0.688,0.205,90.97678571428571,0.643,56,0.107,0.5,0.5,0.179,0.321,0.265,0.048,9,4,0,4,HOU@TEX,TEX,HOU,3
21,Joc Pederson,592626,R,592626,FC,74.0,22.0,0.297,0.077,0.4025679012345679,0.957,0.311,90.09242424242424,0.486,66,0.106,0.424,0.379,0.182,0.348,0.096,0.084,11,5,0,6,HOU@TEX,TEX,HOU,3
22,Joc Pederson,592626,R,592626,FF,232.0,57.0,0.246,0.109,0.3824927536231884,0.9,0.28800000000000003,92.96588235294118,0.673,170,0.182,0.576,0.294,0.212,0.382,0.225,0.13,25,14,1,17,HOU@TEX,TEX,HOU,3
26,Joc Pederson,592626,R,592626,SI,75.0,20.0,0.267,0.045,0.3542,0.785,0.14599999999999996,97.31379310344828,0.719,58,0.224,0.672,0.397,0.362,0.19,0.223,0.138,15,2,0,3,HOU@TEX,TEX,HOU,3
27,Joc Pederson,592626,R,592626,SL,96.0,18.0,0.188,0.158,0.3232704918032787,0.702,0.15599999999999997,91.46333333333334,0.581,60,0.1,0.483,0.35,0.2,0.317,0.293,0.138,10,3,3,2,HOU@TEX,TEX,HOU,3
30,Adolis Garcia,666969,R,666969,CH,65.0,12.0,0.185,0.242,0.2275735294117647,0.529,0.123,95.37948717948719,0.667,39,0.154,0.59,0.436,0.051,0.487,0.382,0.044,6,5,0,1,HOU@TEX,TEX,HOU,4
31,Adolis Garcia,666969,R,666969,CU,45.0,12.0,0.267,0.215,0.3142173913043478,0.75,0.2,91.01785714285714,0.722,28,0.179,0.571,0.321,0.321,0.321,0.37,0.022,7,3,0,2,HOU@TEX,TEX,HOU,4
33,Adolis Garcia,666969,R,666969,FC,55.0,19.0,0.345,0.16,0.4262537313432836,0.983,0.18200000000000005,86.07391304347826,0.444,46,0.087,0.326,0.587,0.152,0.239,0.147,0.147,13,4,0,2,HOU@TEX,TEX,HOU,4
34,Adolis Garcia,666969,R,666969,FF,318.0,57.0,0.179,0.175,0.28055211267605634,0.642,0.202,94.5686567164179,0.623,201,0.144,0.572,0.249,0.234,0.453,0.339,0.081,25,16,0,16,HOU@TEX,TEX,HOU,4
37,Adolis Garcia,666969,R,666969,SI,169.0,46.0,0.272,0.086,0.3855989583333333,0.908,0.28400000000000003,93.51721854304635,0.592,151,0.159,0.55,0.43,0.179,0.325,0.112,0.102,26,6,0,14,HOU@TEX,TEX,HOU,4
38,Adolis Garcia,666969,R,666969,SL,208.0,55.0,0.264,0.192,0.31713364055299537,0.752,0.193,88.2673202614379,0.526,153,0.131,0.373,0.418,0.196,0.301,0.253,0.041,35,10,0,10,HOU@TEX,TEX,HOU,4
41,Marcus Semien,543760,R,543760,CH,69.0,17.0,0.246,0.168,0.311986301369863,0.737,0.203,84.96888888888888,0.417,45,0.022,0.311,0.333,0.178,0.356,0.329,0.041,11,2,0,4,HOU@TEX,TEX,HOU,5
42,Marcus Semien,543760,R,543760,CU,47.0,12.0,0.255,0.1,0.29378,0.683,0.128,84.46842105263158,0.364,38,0.053,0.263,0.289,0.316,0.263,0.18,0.06,8,3,0,1,HOU@TEX,TEX,HOU,5
44,Marcus Semien,543760,R,543760,FC,88.0,25.0,0.284,0.094,0.3290744680851064,0.773,0.15900000000000003,84.27857142857142,0.289,84,0.048,0.262,0.405,0.226,0.31,0.043,0.064,18,3,1,3,HOU@TEX,TEX,HOU,5
45,Marcus Semien,543760,R,543760,FF,333.0,79.0,0.237,0.06,0.333020942408377,0.767,0.198,90.94191419141914,0.484,303,0.083,0.442,0.31,0.244,0.37,0.088,0.124,47,14,2,16,HOU@TEX,TEX,HOU,5
48,Marcus Semien,543760,R,543760,SI,205.0,57.0,0.278,0.054,0.3485565217391304,0.811,0.176,89.18938547486033,0.487,179,0.078,0.425,0.503,0.207,0.229,0.113,0.1,41,6,0,10,HOU@TEX,TEX,HOU,5
49,Marcus Semien,543760,R,543760,SL,229.0,52.0,0.227,0.137,0.296976,0.684,0.17,84.0375,0.293,184,0.033,0.245,0.429,0.174,0.326,0.189,0.083,31,12,0,9,HOU@TEX,TEX,HOU,5
52,Evan Carter,694497,R,694497,CH,26.0,7.0,0.269,0.071,0.4345333333333333,1.047,0.42299999999999993,82.88095238095238,0.667,21,0.095,0.333,0.476,0.286,0.143,0.194,0.129,2,2,0,3,HOU@TEX,TEX,HOU,6
53,Evan Carter,694497,R,694497,CU,12.0,3.0,0.25,0.136,0.2870714285714286,0.607,0.0,83.01428571428572,0.0,7,0.0,0.0,0.429,0.286,0.286,0.357,0.0,3,0,0,0,HOU@TEX,TEX,HOU,6
54,Evan Carter,694497,R,694497,FC,12.0,6.0,0.5,0.038,0.8099999999999999,2.0,1.0,90.63636363636364,0.857,11,0.273,0.727,0.273,0.364,0.273,0.083,0.0,1,1,1,3,HOU@TEX,TEX,HOU,6
55,Evan Carter,694497,R,694497,FF,84.0,23.0,0.274,0.068,0.363041237113402,0.843,0.20199999999999996,88.94262295081967,0.469,61,0.066,0.377,0.377,0.279,0.246,0.245,0.133,14,4,2,3,HOU@TEX,TEX,HOU,6
57,Evan Carter,694497,R,694497,SI,24.0,4.0,0.167,0.067,0.23575,0.494,0.04099999999999998,90.51052631578948,0.4,19,0.105,0.421,0.368,0.211,0.316,0.179,0.143,3,1,0,0,HOU@TEX,TEX,HOU,6
58,Evan Carter,694497,R,694497,SL,20.0,3.0,0.15,0.122,0.287,0.661,0.25,93.05,0.556,12,0.083,0.583,0.167,0.25,0.5,0.348,0.13,0,2,0,1,HOU@TEX,TEX,HOU,6
60,Josh Jung,673962,R,673962,CH,26.0,7.0,0.269,0.221,0.333,0.783,0.193,86.52000000000001,0.5,10,0.2,0.4,0.4,0.5,0.1,0.571,0.071,4,2,0,1,HOU@TEX,TEX,HOU,7
61,Josh Jung,673962,R,673962,CU,42.0,13.0,0.31,0.21,0.3848571428571429,0.929,0.309,91.3967741935484,0.786,31,0.194,0.548,0.516,0.194,0.258,0.262,0.0,6,4,0,3,HOU@TEX,TEX,HOU,7
63,Josh Jung,673962,R,673962,FC,40.0,10.0,0.25,0.112,0.3025348837209302,0.702,0.15000000000000002,90.28125,0.55,32,0.062,0.438,0.344,0.25,0.375,0.186,0.047,6,3,0,1,HOU@TEX,TEX,HOU,7
64,Josh Jung,673962,R,673962,FF,151.0,39.0,0.258,0.136,0.360216049382716,0.863,0.29800000000000004,94.65257731958762,0.703,97,0.216,0.629,0.196,0.381,0.381,0.337,0.061,20,5,2,12,HOU@TEX,TEX,HOU,7
67,Josh Jung,673962,R,673962,SI,120.0,39.0,0.325,0.078,0.3625111111111111,0.83,0.10799999999999998,88.82474226804123,0.5,97,0.031,0.433,0.557,0.216,0.175,0.176,0.088,32,4,0,3,HOU@TEX,TEX,HOU,7
68,Josh Jung,673962,R,673962,SL,148.0,33.0,0.223,0.197,0.23078571428571426,0.529,0.05400000000000002,88.3367924528302,0.474,106,0.057,0.321,0.415,0.283,0.255,0.277,0.039,25,8,0,0,HOU@TEX,TEX,HOU,7
71,Jonah Heim,641680,R,641680,CH,128.0,31.0,0.242,0.129,0.2689469696969697,0.632,0.125,87.00727272727272,0.422,110,0.036,0.3,0.536,0.236,0.173,0.136,0.03,23,4,0,4,HOU@TEX,TEX,HOU,8
72,Jonah Heim,641680,R,641680,CU,68.0,15.0,0.221,0.083,0.23363888888888887,0.522,0.04400000000000001,87.82280701754385,0.25,57,0.035,0.281,0.421,0.228,0.263,0.176,0.041,12,3,0,0,HOU@TEX,TEX,HOU,8
74,Jonah Heim,641680,R,641680,FC,70.0,21.0,0.3,0.098,0.37119444444444444,0.89,0.27099999999999996,86.76949152542372,0.367,59,0.085,0.305,0.441,0.254,0.254,0.153,0.014,14,1,0,6,HOU@TEX,TEX,HOU,8
75,Jonah Heim,641680,R,641680,FF,318.0,74.0,0.233,0.123,0.2855902578796562,0.652,0.11899999999999997,89.69453781512605,0.393,238,0.071,0.395,0.286,0.265,0.345,0.231,0.089,50,17,0,7,HOU@TEX,TEX,HOU,8
78,Jonah Heim,641680,R,641680,SI,80.0,19.0,0.238,0.102,0.30964367816091953,0.724,0.187,91.06461538461538,0.556,65,0.108,0.492,0.415,0.215,0.338,0.172,0.08,12,3,0,4,HOU@TEX,TEX,HOU,8
79,Jonah Heim,641680,R,641680,SL,78.0,12.0,0.154,0.108,0.2452613636363636,0.545,0.141,85.70322580645161,0.548,62,0.081,0.355,0.387,0.161,0.339,0.182,0.08,7,2,0,3,HOU@TEX,TEX,HOU,8
82,Jake Burger,669394,R,669394,CH,56.0,8.0,0.143,0.234,0.2206393442622951,0.499,0.143,88.840625,0.583,32,0.062,0.281,0.562,0.188,0.188,0.393,0.066,4,2,0,2,HOU@TEX,TEX,HOU,9
83,Jake Burger,669394,R,669394,CU,48.0,15.0,0.312,0.165,0.4452156862745098,1.082,0.417,95.14666666666668,0.765,30,0.233,0.633,0.4,0.267,0.3,0.353,0.039,5,5,0,5,HOU@TEX,TEX,HOU,9
85,Jake Burger,669394,R,669394,FC,49.0,13.0,0.265,0.161,0.364425925925926,0.858,0.266,91.41025641025641,0.647,39,0.103,0.487,0.462,0.205,0.231,0.2,0.073,6,4,0,3,HOU@TEX,TEX,HOU,9
86,Jake Burger,669394,R,669394,FF,167.0,46.0,0.275,0.159,0.40973076923076923,0.994,0.384,95.23611111111111,0.818,108,0.296,0.63,0.25,0.259,0.352,0.324,0.071,19,8,1,18,HOU@TEX,TEX,HOU,9
90,Jake Burger,669394,R,669394,SI,196.0,51.0,0.26,0.061,0.3058447488584474,0.685,0.09199999999999997,87.88483146067416,0.533,178,0.067,0.427,0.596,0.219,0.118,0.095,0.054,39,9,0,3,HOU@TEX,TEX,HOU,9
91,Jake Burger,669394,R,669394,SL,190.0,46.0,0.242,0.244,0.30917587939698493,0.733,0.21600000000000003,92.2172131147541,0.649,122,0.131,0.459,0.443,0.205,0.262,0.345,0.04,27,8,0,11,HOU@TEX,TEX,HOU,9
0,Jacob Wilson,805779,R,805779,CH,10.0,3.0,0.3,0.077,0.2565,0.6,0.0,91.17,0.0,10,0.0,0.3,0.5,0.4,0.0,0.0,0.0,3,0,0,0,OAK@LAD,OAK,LAD,1
1,Jacob Wilson,805779,R,805779,CU,7.0,3.0,0.429,0.12,0.588142857142857,1.429,0.571,79.18333333333334,0.333,6,0.167,0.167,0.5,0.167,0.333,0.143,0.0,1,1,0,1,OAK@LAD,OAK,LAD,1
2,Jacob Wilson,805779,R,805779,FC,14.0,5.0,0.357,0.042,0.33342857142857146,0.786,0.07200000000000001,81.03571428571429,0.375,14,0.0,0.286,0.429,0.429,0.143,0.0,0.0,4,1,0,0,OAK@LAD,OAK,LAD,1
3,Jacob Wilson,805779,R,805779,FF,49.0,17.0,0.347,0.048,0.3756727272727272,0.86,0.10200000000000004,88.15869565217392,0.136,46,0.022,0.261,0.5,0.304,0.174,0.071,0.107,14,2,0,1,OAK@LAD,OAK,LAD,1
5,Jacob Wilson,805779,R,805779,SI,57.0,20.0,0.351,0.0,0.34585245901639344,0.797,0.05300000000000005,88.62142857142858,0.667,56,0.0,0.393,0.821,0.161,0.0,0.016,0.049,17,3,0,0,OAK@LAD,OAK,LAD,1
6,Jacob Wilson,805779,R,805779,SL,48.0,14.0,0.292,0.09,0.3218125,0.771,0.187,82.3047619047619,0.136,42,0.071,0.143,0.452,0.214,0.31,0.125,0.0,11,0,0,3,OAK@LAD,OAK,LAD,1
8,Tyler Soderstrom,691016,R,691016,CH,76.0,9.0,0.118,0.146,0.16664197530864194,0.366,0.07900000000000001,88.2672131147541,0.478,61,0.098,0.328,0.557,0.164,0.213,0.205,0.06,7,0,0,2,OAK@LAD,OAK,LAD,2
9,Tyler Soderstrom,691016,R,691016,CU,53.0,11.0,0.208,0.214,0.26252631578947366,0.599,0.13200000000000003,91.65185185185184,0.5,27,0.074,0.519,0.63,0.185,0.185,0.466,0.034,8,1,0,2,OAK@LAD,OAK,LAD,2
10,Tyler Soderstrom,691016,R,691016,FC,28.0,4.0,0.143,0.192,0.3276176470588235,0.758,0.32100000000000006,93.5,0.692,20,0.25,0.5,0.35,0.15,0.5,0.235,0.118,1,0,0,3,OAK@LAD,OAK,LAD,2
11,Tyler Soderstrom,691016,R,691016,FF,115.0,36.0,0.313,0.101,0.4223529411764706,1.002,0.26999999999999996,96.49642857142857,0.733,84,0.19,0.667,0.405,0.25,0.286,0.228,0.154,21,7,0,8,OAK@LAD,OAK,LAD,2
15,Tyler Soderstrom,691016,R,691016,SI,36.0,12.0,0.333,0.081,0.374825,0.872,0.13899999999999996,88.65483870967742,0.917,31,0.032,0.484,0.613,0.194,0.194,0.125,0.1,9,2,0,1,OAK@LAD,OAK,LAD,2
16,Tyler Soderstrom,691016,R,691016,SL,47.0,9.0,0.191,0.161,0.25780000000000003,0.602,0.17099999999999999,94.1970588235294,0.5,34,0.118,0.471,0.294,0.294,0.412,0.26,0.06,5,2,0,2,OAK@LAD,OAK,LAD,2
18,Brent Rooker,667670,R,667670,CH,62.0,10.0,0.161,0.241,0.2441492537313433,0.56,0.17800000000000002,88.78787878787878,0.722,33,0.152,0.455,0.394,0.212,0.333,0.441,0.044,5,2,0,3,OAK@LAD,OAK,LAD,3
19,Brent Rooker,667670,R,667670,CU,56.0,8.0,0.143,0.207,0.2502333333333333,0.593,0.25,93.056,0.733,25,0.24,0.52,0.4,0.2,0.4,0.517,0.05,3,0,1,4,OAK@LAD,OAK,LAD,3
20,Brent Rooker,667670,R,667670,FC,48.0,18.0,0.375,0.184,0.5677735849056603,1.413,0.604,91.61578947368422,0.692,38,0.263,0.5,0.211,0.184,0.5,0.189,0.094,7,2,0,9,OAK@LAD,OAK,LAD,3
21,Brent Rooker,667670,R,667670,FF,270.0,67.0,0.248,0.165,0.35322950819672133,0.828,0.248,91.94057142857143,0.595,175,0.171,0.497,0.234,0.229,0.434,0.316,0.098,37,11,1,18,OAK@LAD,OAK,LAD,3
24,Brent Rooker,667670,R,667670,SI,161.0,62.0,0.385,0.068,0.4251758241758242,0.994,0.15500000000000003,92.14714285714285,0.5,140,0.071,0.521,0.593,0.214,0.186,0.12,0.109,49,7,0,6,OAK@LAD,OAK,LAD,3
25,Brent Rooker,667670,R,667670,SL,173.0,47.0,0.272,0.238,0.38241025641025644,0.909,0.28300000000000003,90.94999999999999,0.609,104,0.202,0.462,0.25,0.269,0.394,0.354,0.092,25,8,1,13,OAK@LAD,OAK,LAD,3
28,Shea Langeliers,669127,R,669127,CH,40.0,8.0,0.2,0.185,0.28111363636363634,0.648,0.175,88.60833333333333,0.727,24,0.125,0.5,0.5,0.167,0.292,0.364,0.068,5,1,0,2,OAK@LAD,OAK,LAD,4
29,Shea Langeliers,669127,R,669127,CU,52.0,5.0,0.096,0.205,0.17560714285714285,0.392,0.135,82.72307692307693,0.538,26,0.115,0.346,0.385,0.115,0.385,0.464,0.036,2,1,0,2,OAK@LAD,OAK,LAD,4
31,Shea Langeliers,669127,R,669127,FC,46.0,9.0,0.196,0.149,0.2809230769230769,0.626,0.15199999999999997,88.51025641025642,0.5,39,0.154,0.333,0.256,0.282,0.231,0.167,0.111,4,4,0,1,OAK@LAD,OAK,LAD,4
32,Shea Langeliers,669127,R,669127,FF,223.0,43.0,0.193,0.127,0.2995903614457831,0.697,0.22899999999999998,94.90866666666666,0.659,150,0.16,0.547,0.233,0.207,0.36,0.299,0.096,20,8,2,13,OAK@LAD,OAK,LAD,4
36,Shea Langeliers,669127,R,669127,SI,130.0,40.0,0.308,0.056,0.39027397260273977,0.922,0.23000000000000004,93.50701754385965,0.667,114,0.114,0.579,0.526,0.263,0.158,0.11,0.089,24,8,2,6,OAK@LAD,OAK,LAD,4
37,Shea Langeliers,669127,R,669127,SL,190.0,44.0,0.232,0.198,0.29484653465346533,0.687,0.18399999999999997,87.62971014492753,0.515,138,0.109,0.341,0.377,0.188,0.304,0.275,0.058,27,8,0,9,OAK@LAD,OAK,LAD,4
40,Lawrence Butler,671732,R,671732,CH,108.0,22.0,0.204,0.197,0.23580701754385963,0.542,0.092,86.45925925925926,0.5,81,0.062,0.309,0.531,0.21,0.21,0.237,0.053,16,4,0,2,OAK@LAD,OAK,LAD,5
41,Lawrence Butler,671732,R,671732,CU,39.0,12.0,0.308,0.091,0.37934999999999997,0.907,0.282,94.64285714285714,0.55,28,0.107,0.536,0.214,0.393,0.321,0.293,0.024,6,3,1,2,OAK@LAD,OAK,LAD,5
43,Lawrence Butler,671732,R,671732,FC,44.0,16.0,0.364,0.106,0.5002340425531915,1.222,0.45399999999999996,93.71621621621621,0.6,37,0.243,0.568,0.27,0.297,0.378,0.149,0.064,8,2,0,6,OAK@LAD,OAK,LAD,5
44,Lawrence Butler,671732,R,671732,FF,189.0,45.0,0.238,0.135,0.3245305164319249,0.75,0.191,91.80704225352113,0.527,142,0.092,0.493,0.303,0.261,0.38,0.228,0.112,26,10,1,8,OAK@LAD,OAK,LAD,5
47,Lawrence Butler,671732,R,671732,SI,59.0,17.0,0.288,0.065,0.32455555555555554,0.752,0.136,89.87083333333334,0.5,48,0.062,0.417,0.688,0.208,0.083,0.188,0.062,11,5,0,1,OAK@LAD,OAK,LAD,5
48,Lawrence Butler,671732,R,671732,SL,67.0,17.0,0.254,0.142,0.3811973684210526,0.909,0.31299999999999994,93.56739130434784,0.724,46,0.239,0.522,0.304,0.283,0.348,0.276,0.105,8,3,0,6,OAK@LAD,OAK,LAD,5
51,Miguel Andujar,609280,R,609280,CH,23.0,7.0,0.304,0.12,0.32769565217391305,0.77,0.174,82.9,0.222,21,0.048,0.286,0.429,0.286,0.143,0.125,0.0,5,1,0,1,OAK@LAD,OAK,LAD,6
52,Miguel Andujar,609280,R,609280,CU,28.0,7.0,0.25,0.107,0.2977,0.693,0.14300000000000002,86.9304347826087,0.429,23,0.0,0.478,0.522,0.261,0.043,0.167,0.067,5,1,0,1,OAK@LAD,OAK,LAD,6
53,Miguel Andujar,609280,R,609280,FC,30.0,10.0,0.333,0.071,0.3607333333333333,0.856,0.2,85.61290322580645,0.357,31,0.097,0.226,0.387,0.258,0.194,0.0,0.0,7,1,1,1,OAK@LAD,OAK,LAD,6
54,Miguel Andujar,609280,R,609280,FF,92.0,30.0,0.326,0.04,0.34856701030927834,0.814,0.131,92.60919540229885,0.548,87,0.08,0.517,0.425,0.218,0.264,0.061,0.051,22,6,0,2,OAK@LAD,OAK,LAD,6
57,Miguel Andujar,609280,R,609280,SI,86.0,20.0,0.233,0.039,0.2577204301075269,0.581,0.05799999999999997,86.29620253164556,0.32,79,0.0,0.342,0.671,0.152,0.165,0.075,0.043,16,3,1,0,OAK@LAD,OAK,LAD,6
58,Miguel Andujar,609280,R,609280,SL,82.0,20.0,0.244,0.096,0.2538720930232558,0.584,0.061,83.04411764705883,0.25,68,0.015,0.235,0.544,0.206,0.206,0.163,0.047,17,2,0,1,OAK@LAD,OAK,LAD,6
61,JJ Bleday,668709,R,668709,CH,154.0,24.0,0.156,0.196,0.18826506024096384,0.412,0.03900000000000001,84.81238095238095,0.358,105,0.048,0.286,0.419,0.2,0.305,0.295,0.066,20,3,0,1,OAK@LAD,OAK,LAD,7
62,JJ Bleday,668709,R,668709,CU,63.0,14.0,0.222,0.087,0.3030684931506849,0.678,0.12699999999999997,87.91304347826087,0.4,46,0.022,0.348,0.435,0.217,0.326,0.233,0.11,8,5,0,1,OAK@LAD,OAK,LAD,7
64,JJ Bleday,668709,R,668709,FC,49.0,17.0,0.347,0.068,0.47005084745762704,1.131,0.32600000000000007,88.9860465116279,0.52,43,0.07,0.512,0.349,0.233,0.349,0.102,0.169,7,7,0,3,OAK@LAD,OAK,LAD,7
65,JJ Bleday,668709,R,668709,FF,243.0,69.0,0.284,0.072,0.3935479452054794,0.915,0.23000000000000004,90.85845410628019,0.516,207,0.082,0.444,0.261,0.271,0.329,0.129,0.167,37,20,0,12,OAK@LAD,OAK,LAD,7
67,JJ Bleday,668709,R,668709,SI,83.0,21.0,0.253,0.065,0.3612916666666666,0.848,0.241,91.5887323943662,0.417,71,0.07,0.408,0.451,0.211,0.296,0.125,0.135,9,7,2,3,OAK@LAD,OAK,LAD,7
68,JJ Bleday,668709,R,668709,SL,97.0,21.0,0.216,0.155,0.3371028037383177,0.805,0.29900000000000004,88.05441176470588,0.436,68,0.103,0.338,0.324,0.25,0.324,0.271,0.093,6,7,2,6,OAK@LAD,OAK,LAD,7
71,Luis Urias,649966,R,649966,CH,6.0,2.0,0.333,0.029,0.47816666666666663,1.166,0.49999999999999994,93.875,0.667,4,0.25,0.5,0.25,0.5,0.25,0.333,0.0,1,0,0,1,OAK@LAD,OAK,LAD,8
72,Luis Urias,649966,R,649966,CU,9.0,1.0,0.111,0.015,0.19449999999999998,0.422,0.111,90.7,0.4,7,0.286,0.286,0.286,0.143,0.571,0.2,0.1,0,1,0,0,OAK@LAD,OAK,LAD,8
74,Luis Urias,649966,R,649966,FC,17.0,6.0,0.353,0.131,0.45829999999999993,1.097,0.29400000000000004,92.94166666666666,0.714,12,0.167,0.583,0.333,0.333,0.25,0.25,0.15,3,2,0,1,OAK@LAD,OAK,LAD,8
75,Luis Urias,649966,R,649966,FF,70.0,17.0,0.243,0.097,0.34656626506024096,0.79,0.186,90.9943396226415,0.571,53,0.075,0.434,0.321,0.132,0.396,0.205,0.108,10,4,0,3,OAK@LAD,OAK,LAD,8
77,Luis Urias,649966,R,649966,SI,54.0,10.0,0.185,0.089,0.28914925373134326,0.592,0.07400000000000001,84.32439024390244,0.538,41,0.049,0.268,0.61,0.146,0.171,0.203,0.087,8,1,0,1,OAK@LAD,OAK,LAD,8
78,Luis Urias,649966,R,649966,SL,48.0,9.0,0.188,0.075,0.2707636363636364,0.603,0.124,84.75750000000001,0.261,40,0.075,0.175,0.325,0.25,0.325,0.145,0.127,7,0,0,2,OAK@LAD,OAK,LAD,8
81,Nick Kurtz,701762,R,701762,CH,11.0,5.0,0.455,0.298,0.5436666666666666,1.318,0.36299999999999993,99.64285714285714,0.6,7,0.286,0.571,0.286,0.571,0.143,0.333,0.083,3,1,0,1,OAK@LAD,OAK,LAD,9
82,Nick Kurtz,701762,R,701762,CU,5.0,1.0,0.2,0.147,0.17099999999999999,0.4,0.0,85.66666666666667,0.5,3,0.0,0.333,0.333,0.667,0.0,0.4,0.0,1,0,0,0,OAK@LAD,OAK,LAD,9
83,Nick Kurtz,701762,R,701762,FC,7.0,2.0,0.286,0.12,0.24428571428571427,0.572,0.0,81.42,0.0,5,0.0,0.0,0.4,0.4,0.0,0.286,0.0,2,0,0,0,OAK@LAD,OAK,LAD,9
84,Nick Kurtz,701762,R,701762,FF,8.0,2.0,0.25,0.14,0.3104,0.65,0.0,102.025,0.667,4,0.0,0.75,0.25,0.25,0.5,0.4,0.2,2,0,0,0,OAK@LAD,OAK,LAD,9
86,Nick Kurtz,701762,R,701762,SI,4.0,2.0,0.5,0.133,0.4275,1.0,0.0,104.93333333333334,0.0,3,0.0,0.667,0.667,0.0,0.333,0.25,0.0,2,0,0,0,OAK@LAD,OAK,LAD,9
87,Nick Kurtz,701762,R,701762,SL,5.0,2.0,0.4,0.083,0.5462857142857143,1.371,0.4,99.7,0.0,3,0.0,0.667,0.667,0.0,0.333,0.286,0.286,1,0,1,0,OAK@LAD,OAK,LAD,9
0,Shohei Ohtani,660271,R,660271,CH,149.0,44.0,0.295,0.144,0.3937654320987654,0.947,0.302,92.25275590551182,0.75,127,0.142,0.457,0.504,0.205,0.236,0.141,0.08,23,6,6,9,OAK@LAD,LAD,OAK,1
3,Shohei Ohtani,660271,R,660271,FC,94.0,31.0,0.33,0.121,0.4151308411214953,0.978,0.24399999999999994,94.07831325301204,0.667,83,0.157,0.566,0.446,0.193,0.313,0.119,0.119,21,3,1,6,OAK@LAD,LAD,OAK,1
4,Shohei Ohtani,660271,R,660271,FF,250.0,91.0,0.364,0.128,0.5039243986254296,1.226,0.41600000000000004,98.41030927835051,0.719,194,0.268,0.665,0.289,0.299,0.361,0.193,0.132,43,19,2,27,OAK@LAD,LAD,OAK,1
8,Shohei Ohtani,660271,R,660271,SI,74.0,25.0,0.338,0.074,0.4816288659793815,1.152,0.324,97.61964285714285,0.63,56,0.125,0.607,0.518,0.304,0.179,0.194,0.235,13,6,0,6,OAK@LAD,LAD,OAK,1
9,Shohei Ohtani,660271,R,660271,SL,133.0,38.0,0.286,0.237,0.46235761589403973,1.138,0.48100000000000004,98.56428571428572,0.806,84,0.345,0.702,0.226,0.214,0.524,0.325,0.093,12,6,2,18,OAK@LAD,LAD,OAK,1
12,Mookie Betts,605141,R,605141,CH,52.0,12.0,0.231,0.131,0.36040983606557375,0.844,0.269,89.20256410256411,0.55,39,0.077,0.41,0.385,0.179,0.333,0.213,0.131,6,2,0,4,OAK@LAD,LAD,OAK,2
14,Mookie Betts,605141,R,605141,FC,67.0,19.0,0.284,0.061,0.3317564102564103,0.733,0.07400000000000001,90.20967741935483,0.541,62,0.065,0.435,0.371,0.355,0.242,0.088,0.138,14,5,0,0,OAK@LAD,LAD,OAK,2
15,Mookie Betts,605141,R,605141,FF,254.0,76.0,0.299,0.034,0.4087402597402598,0.954,0.23600000000000004,91.81233480176212,0.541,227,0.088,0.467,0.22,0.282,0.419,0.094,0.168,47,13,1,15,OAK@LAD,LAD,OAK,2
19,Mookie Betts,605141,R,605141,PO,0.0,0.0,0.0,0.0,0.0,0.0,0.0,0.0,0.0,0,0.0,0.0,0.0,0.0,0.0,0.0,0.0,0,0,0,0,OAK@LAD,LAD,OAK,2
21,Mookie Betts,605141,R,605141,SI,179.0,66.0,0.369,0.038,0.4531244019138756,1.077,0.251,92.48571428571428,0.528,154,0.091,0.455,0.37,0.312,0.266,0.124,0.138,45,8,2,11,OAK@LAD,LAD,OAK,2
22,Mookie Betts,605141,R,605141,SL,158.0,41.0,0.259,0.112,0.3651363636363636,0.867,0.273,88.64173228346456,0.473,127,0.11,0.354,0.307,0.244,0.339,0.176,0.097,19,11,1,10,OAK@LAD,LAD,OAK,2
25,Freddie Freeman,518692,R,518692,CH,99.0,39.0,0.394,0.102,0.43400000000000005,1.016,0.16200000000000003,91.67954545454546,0.473,88,0.136,0.42,0.375,0.386,0.239,0.106,0.115,26,11,1,1,OAK@LAD,LAD,OAK,3
27,Freddie Freeman,518692,R,518692,FC,100.0,33.0,0.33,0.119,0.3743669724770642,0.872,0.15999999999999998,87.17733333333334,0.415,75,0.067,0.333,0.413,0.267,0.28,0.236,0.055,23,7,0,3,OAK@LAD,LAD,OAK,3
28,Freddie Freeman,518692,R,518692,FF,312.0,101.0,0.324,0.087,0.40590207715133525,0.967,0.27199999999999996,90.89179104477611,0.494,268,0.127,0.44,0.31,0.276,0.366,0.138,0.071,53,29,1,18,OAK@LAD,LAD,OAK,3
32,Freddie Freeman,518692,R,518692,PO,0.0,0.0,0.0,0.0,0.0,0.0,0.0,0.0,0.0,0,0.0,0.0,0.0,0.0,0.0,0.0,0.0,0,0,0,0,OAK@LAD,LAD,OAK,3
33,Freddie Freeman,518692,R,518692,SI,121.0,40.0,0.331,0.068,0.42381250000000004,0.991,0.23100000000000004,92.93853211009174,0.586,109,0.11,0.541,0.459,0.257,0.275,0.102,0.156,27,5,1,7,OAK@LAD,LAD,OAK,3
34,Freddie Freeman,518692,R,518692,SL,93.0,26.0,0.28,0.151,0.4133389830508475,0.959,0.247,88.56060606060606,0.447,66,0.106,0.379,0.409,0.303,0.273,0.229,0.161,13,8,0,5,OAK@LAD,LAD,OAK,3
37,Will Smith,669257,R,669257,CH,45.0,13.0,0.289,0.058,0.33967346938775506,0.784,0.15500000000000003,88.985,0.409,40,0.025,0.4,0.375,0.175,0.375,0.12,0.06,10,1,0,2,OAK@LAD,LAD,OAK,4
40,Will Smith,669257,R,669257,FC,69.0,19.0,0.275,0.108,0.2986216216216216,0.686,0.08699999999999997,87.61864406779661,0.433,59,0.034,0.373,0.458,0.271,0.237,0.135,0.054,15,3,0,1,OAK@LAD,LAD,OAK,4
41,Will Smith,669257,R,669257,FF,202.0,43.0,0.213,0.11,0.31701666666666667,0.707,0.163,93.23566433566434,0.641,143,0.14,0.545,0.301,0.182,0.462,0.261,0.143,27,7,1,8,OAK@LAD,LAD,OAK,4
45,Will Smith,669257,R,669257,SI,151.0,44.0,0.291,0.041,0.36991907514450867,0.85,0.186,91.28613138686131,0.566,137,0.095,0.533,0.387,0.292,0.263,0.102,0.073,28,9,2,5,OAK@LAD,LAD,OAK,4
46,Will Smith,669257,R,669257,SL,141.0,42.0,0.298,0.095,0.362679012345679,0.822,0.14900000000000002,85.85932203389831,0.411,118,0.059,0.339,0.322,0.297,0.322,0.173,0.101,32,4,1,5,OAK@LAD,LAD,OAK,4
49,Max Muncy,571970,R,571970,CH,102.0,26.0,0.255,0.182,0.36945871559633026,0.888,0.33299999999999996,87.74342105263158,0.643,76,0.171,0.395,0.382,0.197,0.355,0.245,0.064,12,4,0,10,OAK@LAD,LAD,OAK,5
52,Max Muncy,571970,R,571970,FC,45.0,9.0,0.2,0.06,0.3156551724137931,0.656,0.08899999999999997,86.80512820512821,0.455,39,0.026,0.385,0.333,0.128,0.436,0.133,0.217,7,1,0,1,OAK@LAD,LAD,OAK,5
53,Max Muncy,571970,R,571970,FF,166.0,41.0,0.247,0.1,0.4181809523809524,0.989,0.34299999999999997,91.09181818181818,0.628,110,0.164,0.545,0.145,0.145,0.564,0.277,0.197,15,10,1,15,OAK@LAD,LAD,OAK,5
58,Max Muncy,571970,R,571970,SI,76.0,24.0,0.316,0.063,0.41746153846153844,0.977,0.23700000000000004,95.14923076923077,0.633,65,0.123,0.554,0.215,0.338,0.415,0.13,0.163,12,9,0,3,OAK@LAD,LAD,OAK,5
59,Max Muncy,571970,R,571970,SL,82.0,19.0,0.232,0.129,0.36938000000000004,0.854,0.256,92.618,0.6,50,0.14,0.46,0.26,0.34,0.36,0.327,0.158,9,4,1,5,OAK@LAD,LAD,OAK,5
62,Andy Pages,681624,R,681624,CH,26.0,6.0,0.231,0.144,0.21581481481481482,0.49,0.0,88.40555555555555,0.375,18,0.0,0.5,0.5,0.167,0.278,0.296,0.037,6,0,0,0,OAK@LAD,LAD,OAK,6
65,Andy Pages,681624,R,681624,FC,17.0,5.0,0.294,0.167,0.3972631578947368,0.956,0.294,90.10714285714286,0.556,14,0.143,0.5,0.286,0.357,0.286,0.158,0.105,3,0,1,1,OAK@LAD,LAD,OAK,6
66,Andy Pages,681624,R,681624,FF,129.0,30.0,0.233,0.116,0.3214797297297297,0.732,0.17,89.42921348314607,0.525,89,0.112,0.404,0.202,0.292,0.371,0.275,0.101,16,10,0,4,OAK@LAD,LAD,OAK,6
70,Andy Pages,681624,R,681624,SI,68.0,14.0,0.206,0.086,0.25027027027027027,0.564,0.088,86.29433962264152,0.353,53,0.038,0.396,0.66,0.151,0.17,0.203,0.068,10,3,0,1,OAK@LAD,LAD,OAK,6
71,Andy Pages,681624,R,681624,SL,90.0,22.0,0.244,0.161,0.28727659574468084,0.671,0.15600000000000003,86.22533333333332,0.432,75,0.093,0.307,0.333,0.333,0.253,0.177,0.031,15,3,1,3,OAK@LAD,LAD,OAK,6
73,Michael Conforto,624424,R,624424,CH,137.0,26.0,0.19,0.16,0.2325,0.528,0.10199999999999998,85.10462962962963,0.561,108,0.065,0.343,0.556,0.194,0.185,0.209,0.061,18,5,0,3,OAK@LAD,LAD,OAK,7
76,Michael Conforto,624424,R,624424,FC,67.0,21.0,0.313,0.083,0.4059722222222222,0.968,0.299,90.63272727272728,0.5,55,0.164,0.418,0.255,0.291,0.327,0.178,0.055,11,5,0,5,OAK@LAD,LAD,OAK,7
77,Michael Conforto,624424,R,624424,FF,265.0,56.0,0.211,0.089,0.31429559748427666,0.7,0.147,89.74866310160428,0.481,187,0.091,0.417,0.364,0.203,0.364,0.248,0.157,35,11,2,8,OAK@LAD,LAD,OAK,7
82,Michael Conforto,624424,R,624424,SI,84.0,27.0,0.321,0.071,0.3996559139784946,0.947,0.23900000000000005,93.66268656716417,0.75,67,0.134,0.597,0.537,0.239,0.179,0.183,0.086,15,8,0,4,OAK@LAD,LAD,OAK,7
83,Michael Conforto,624424,R,624424,SL,80.0,19.0,0.238,0.094,0.37562765957446803,0.889,0.30000000000000004,91.06610169491525,0.556,59,0.085,0.475,0.305,0.22,0.39,0.223,0.128,8,4,1,6,OAK@LAD,LAD,OAK,7
86,James Outman,681546,R,681546,CH,73.0,22.0,0.301,0.183,0.40748192771084335,0.975,0.288,83.69019607843137,0.517,51,0.118,0.353,0.412,0.275,0.294,0.265,0.12,11,5,2,4,OAK@LAD,LAD,OAK,8
89,James Outman,681546,R,681546,FC,41.0,10.0,0.244,0.15,0.37126086956521737,0.887,0.31700000000000006,88.83793103448276,0.588,29,0.138,0.448,0.241,0.241,0.345,0.261,0.065,4,2,1,3,OAK@LAD,LAD,OAK,8
90,James Outman,681546,R,681546,FF,145.0,31.0,0.214,0.156,0.3463828571428571,0.795,0.234,88.38461538461539,0.509,91,0.143,0.418,0.286,0.198,0.385,0.312,0.159,19,1,0,11,OAK@LAD,LAD,OAK,8
95,James Outman,681546,R,681546,SI,55.0,17.0,0.309,0.087,0.40663636363636363,0.951,0.21800000000000003,93.3891891891892,0.647,37,0.189,0.541,0.541,0.243,0.216,0.273,0.167,13,0,0,4,OAK@LAD,LAD,OAK,8
96,James Outman,681546,R,681546,SL,81.0,13.0,0.16,0.267,0.2637303370786517,0.606,0.21,85.3048780487805,0.37,41,0.122,0.317,0.268,0.171,0.488,0.449,0.022,4,5,0,4,OAK@LAD,LAD,OAK,8
99,Hye Seong Kim,808975,R,808975,CH,3.0,1.0,0.333,0.4,0.285,0.666,0.0,68.0,0.0,2,0.0,0.0,0.5,0.0,0.5,0.333,0.0,1,0,0,0,OAK@LAD,LAD,OAK,9
101,Hye Seong Kim,808975,R,808975,FC,3.0,1.0,0.333,0.0,0.285,0.666,0.0,87.3,0.0,3,0.0,0.0,0.667,0.333,0.0,0.0,0.0,1,0,0,0,OAK@LAD,LAD,OAK,9
102,Hye Seong Kim,808975,R,808975,FF,4.0,1.0,0.25,0.083,0.21375,0.5,0.0,92.06666666666666,1.0,3,0.0,0.333,0.667,0.333,0.0,0.25,0.0,1,0,0,0,OAK@LAD,LAD,OAK,9
104,Hye Seong Kim,808975,R,808975,SI,2.0,0.0,0.0,0.0,0.0,0.0,0.0,95.7,1.0,1,0.0,1.0,0.0,0.0,1.0,0.5,0.0,0,0,0,0,OAK@LAD,LAD,OAK,9
105,Hye Seong Kim,808975,R,808975,SL,4.0,1.0,0.25,0.3,0.21375,0.5,0.0,95.23333333333333,1.0,3,0.0,0.333,0.667,0.333,0.0,0.25,0.0,1,0,0,0,OAK@LAD,LAD,OAK,9
