,player_name,pitcher,p_throws,pitch_type,stand,PitchesThrown,%,H,Ball%,SwStr%,AVG,Hard%,GB%,FB%,Brl%,launch_speed,1B,2B,3B,HR,Split,Game,Team,Opp
0,Chris Sale,519242,L,CH,R,400,0.111,32.0,0.352,0.15,0.302,0.402,0.608,0.196,0.052,88.566,27,3,0,2,R,PHI@ATL,ATL,PHI
1,Chris Sale,519242,L,FF,R,1626,0.451,89.0,0.309,0.126,0.262,0.465,0.273,0.371,0.073,92.179,65,10,1,13,R,PHI@ATL,ATL,PHI
2,Chris Sale,519242,L,SI,R,24,0.007,0.0,0.458,0.083,0.0,1.0,0.667,0.333,0.333,102.467,0,0,0,0,R,PHI@ATL,ATL,PHI
3,Chris Sale,519242,L,SL,R,1552,0.431,61.0,0.339,0.175,0.163,0.246,0.409,0.286,0.044,84.086,43,15,0,3,R,PHI@ATL,ATL,PHI
0,Chris Sale,519242,L,CH,L,14,0.014,1.0,0.286,0.143,0.25,1.0,0.5,0.25,0.5,105.625,0,0,1,0,L,PHI@ATL,ATL,PHI
1,Chris Sale,519242,L,FF,L,291,0.29,16.0,0.296,0.134,0.25,0.368,0.447,0.211,0.105,89.313,9,3,1,3,L,PHI@ATL,ATL,PHI
2,Chris Sale,519242,L,SI,L,263,0.262,13.0,0.236,0.061,0.224,0.25,0.732,0.107,0.018,80.966,12,1,0,0,L,PHI@ATL,ATL,PHI
3,Chris Sale,519242,L,SL,L,435,0.434,19.0,0.377,0.23,0.171,0.172,0.5,0.138,0.069,78.0,12,5,2,0,L,PHI@ATL,ATL,PHI
0,Jesus Luzardo,666200,L,CH,R,1009,0.222,67.0,0.357,0.194,0.263,0.278,0.512,0.205,0.063,83.62,47,12,1,7,R,PHI@ATL,PHI,ATL
1,Jesus Luzardo,666200,L,FF,R,1539,0.338,102.0,0.35,0.091,0.292,0.398,0.312,0.327,0.079,88.889,63,26,0,13,R,PHI@ATL,PHI,ATL
2,Jesus Luzardo,666200,L,SI,R,424,0.093,30.0,0.328,0.042,0.323,0.543,0.554,0.12,0.054,93.385,18,9,0,3,R,PHI@ATL,PHI,ATL
3,Jesus Luzardo,666200,L,SL,R,219,0.048,11.0,0.416,0.187,0.183,0.367,0.333,0.333,0.1,90.047,9,1,0,1,R,PHI@ATL,PHI,ATL
4,Jesus Luzardo,666200,L,ST,R,1356,0.298,41.0,0.383,0.167,0.153,0.28,0.462,0.242,0.061,83.339,31,6,0,4,R,PHI@ATL,PHI,ATL
0,Jesus Luzardo,666200,L,CH,L,34,0.026,0.0,0.235,0.353,0.0,0.0,0.5,0.25,0.0,86.9,0,0,0,0,L,PHI@ATL,PHI,ATL
1,Jesus Luzardo,666200,L,FF,L,223,0.168,7.0,0.327,0.121,0.156,0.464,0.393,0.286,0.071,92.314,7,0,0,0,L,PHI@ATL,PHI,ATL
2,Jesus Luzardo,666200,L,SI,L,391,0.294,31.0,0.223,0.087,0.295,0.347,0.714,0.112,0.031,84.401,26,4,0,1,L,PHI@ATL,PHI,ATL
3,Jesus Luzardo,666200,L,SL,L,20,0.015,0.0,0.55,0.2,0.0,0.0,1.0,0.0,0.0,78.1,0,0,0,0,L,PHI@ATL,PHI,ATL
4,Jesus Luzardo,666200,L,ST,L,662,0.498,20.0,0.37,0.255,0.124,0.264,0.5,0.264,0.042,84.406,14,4,0,2,L,PHI@ATL,PHI,ATL
0,AJ Blubaugh,805123,R,CH,R,129,0.126,7.0,0.442,0.202,0.212,0.438,0.625,0.188,0.062,85.094,5,1,0,1,R,CWS@HOU,HOU,CWS
1,AJ Blubaugh,805123,R,CU,R,2,0.002,1.0,0.5,0.0,1.0,1.0,0.0,1.0,1.0,102.4,0,0,0,1,R,CWS@HOU,HOU,CWS
2,AJ Blubaugh,805123,R,FC,R,71,0.07,4.0,0.493,0.197,0.364,0.1,0.4,0.2,0.0,82.65,4,0,0,0,R,CWS@HOU,HOU,CWS
3,AJ Blubaugh,805123,R,FF,R,535,0.525,27.0,0.348,0.084,0.241,0.441,0.301,0.376,0.129,91.162,13,6,2,6,R,CWS@HOU,HOU,CWS
4,AJ Blubaugh,805123,R,ST,R,283,0.277,13.0,0.385,0.219,0.203,0.133,0.489,0.222,0.022,77.233,11,1,0,1,R,CWS@HOU,HOU,CWS
0,AJ Blubaugh,805123,R,CH,L,311,0.276,13.0,0.466,0.135,0.167,0.369,0.4,0.369,0.015,88.455,10,2,0,1,L,CWS@HOU,HOU,CWS
1,AJ Blubaugh,805123,R,CU,L,29,0.026,0.0,0.586,0.069,0.0,0.0,0.0,0.0,0.0,0.0,0,0,0,0,L,CWS@HOU,HOU,CWS
2,AJ Blubaugh,805123,R,FC,L,16,0.014,0.0,0.562,0.062,0.0,0.25,0.25,0.25,0.25,81.5,0,0,0,0,L,CWS@HOU,HOU,CWS
3,AJ Blubaugh,805123,R,FF,L,586,0.52,20.0,0.341,0.159,0.164,0.462,0.212,0.4,0.138,89.117,7,7,1,5,L,CWS@HOU,HOU,CWS
4,AJ Blubaugh,805123,R,SL,L,1,0.001,0.0,1.0,0.0,0.0,0.0,0.0,0.0,0.0,0.0,0,0,0,0,L,CWS@HOU,HOU,CWS
5,AJ Blubaugh,805123,R,ST,L,184,0.163,8.0,0.315,0.071,0.235,0.462,0.385,0.423,0.269,89.258,2,2,0,4,L,CWS@HOU,HOU,CWS
0,Hagen Smith,696146,L,CH,R,10,0.031,1.0,0.5,0.2,0.2,0.333,0.667,0.0,0.0,93.833,0,1,0,0,R,CWS@HOU,CWS,HOU
1,Hagen Smith,696146,L,FC,R,70,0.216,0.0,0.329,0.157,0.0,0.25,0.5,0.0,0.0,68.8,0,0,0,0,R,CWS@HOU,CWS,HOU
2,Hagen Smith,696146,L,FF,R,155,0.478,1.0,0.406,0.123,0.053,0.4,0.4,0.2,0.0,88.68,0,1,0,0,R,CWS@HOU,CWS,HOU
3,Hagen Smith,696146,L,SL,R,89,0.275,2.0,0.371,0.258,0.077,0.3,0.2,0.3,0.0,90.84,1,1,0,0,R,CWS@HOU,CWS,HOU
0,Hagen Smith,696146,L,CH,L,1,0.007,0.0,1.0,0.0,0.0,0.0,0.0,0.0,0.0,0.0,0,0,0,0,L,CWS@HOU,CWS,HOU
1,Hagen Smith,696146,L,FC,L,19,0.131,0.0,0.474,0.053,0.0,0.0,0.0,0.0,0.0,0.0,0,0,0,0,L,CWS@HOU,CWS,HOU
2,Hagen Smith,696146,L,FF,L,71,0.49,5.0,0.324,0.099,0.294,0.357,0.429,0.286,0.0,86.979,5,0,0,0,L,CWS@HOU,CWS,HOU
3,Hagen Smith,696146,L,SL,L,54,0.372,2.0,0.352,0.167,0.118,0.333,0.583,0.083,0.083,80.658,1,0,0,1,L,CWS@HOU,CWS,HOU
0,Cam Schlittler,693645,R,CU,R,113,0.067,5.0,0.434,0.15,0.227,0.286,0.5,0.143,0.071,89.757,4,1,0,0,R,BOS@NYY,NYY,BOS
1,Cam Schlittler,693645,R,FC,R,360,0.214,19.0,0.342,0.147,0.241,0.339,0.39,0.288,0.102,86.263,11,3,0,5,R,BOS@NYY,NYY,BOS
2,Cam Schlittler,693645,R,FF,R,682,0.406,21.0,0.28,0.161,0.143,0.406,0.344,0.219,0.083,86.914,12,6,1,2,R,BOS@NYY,NYY,BOS
3,Cam Schlittler,693645,R,SI,R,406,0.242,22.0,0.298,0.081,0.198,0.287,0.667,0.092,0.034,83.098,19,2,0,1,R,BOS@NYY,NYY,BOS
4,Cam Schlittler,693645,R,SL,R,90,0.054,3.0,0.467,0.111,0.13,0.438,0.375,0.25,0.188,89.569,2,0,0,1,R,BOS@NYY,NYY,BOS
5,Cam Schlittler,693645,R,ST,R,29,0.017,4.0,0.276,0.069,0.444,0.3,0.2,0.4,0.2,88.5,1,1,0,2,R,BOS@NYY,NYY,BOS
0,Cam Schlittler,693645,R,CU,L,371,0.142,23.0,0.437,0.151,0.271,0.441,0.525,0.153,0.085,91.397,17,5,0,1,L,BOS@NYY,NYY,BOS
1,Cam Schlittler,693645,R,FC,L,576,0.22,25.0,0.325,0.116,0.187,0.286,0.449,0.265,0.051,83.365,15,7,1,2,L,BOS@NYY,NYY,BOS
2,Cam Schlittler,693645,R,FF,L,1358,0.52,49.0,0.324,0.187,0.176,0.449,0.316,0.386,0.07,89.456,34,8,0,7,L,BOS@NYY,NYY,BOS
3,Cam Schlittler,693645,R,PO,L,1,0.0,0.0,1.0,0.0,0.0,0.0,0.0,0.0,0.0,0.0,0,0,0,0,L,BOS@NYY,NYY,BOS
4,Cam Schlittler,693645,R,SI,L,264,0.101,13.0,0.367,0.083,0.197,0.543,0.391,0.304,0.087,93.415,9,1,1,2,L,BOS@NYY,NYY,BOS
5,Cam Schlittler,693645,R,SL,L,43,0.016,3.0,0.372,0.116,0.429,0.667,0.167,0.167,0.167,96.8,2,0,0,1,L,BOS@NYY,NYY,BOS
6,Cam Schlittler,693645,R,ST,L,1,0.0,0.0,0.0,0.0,0.0,0.0,0.0,0.0,0.0,0.0,0,0,0,0,L,BOS@NYY,NYY,BOS
0,Payton Tolle,801139,L,CH,R,83,0.043,4.0,0.518,0.108,0.267,0.5,0.333,0.333,0.167,96.142,1,1,0,2,R,BOS@NYY,BOS,NYY
1,Payton Tolle,801139,L,CU,R,179,0.092,9.0,0.296,0.223,0.153,0.375,0.375,0.25,0.042,88.383,3,5,0,1,R,BOS@NYY,BOS,NYY
2,Payton Tolle,801139,L,FC,R,340,0.176,21.0,0.271,0.159,0.266,0.367,0.317,0.25,0.05,86.858,12,7,0,2,R,BOS@NYY,BOS,NYY
3,Payton Tolle,801139,L,FF,R,976,0.504,40.0,0.315,0.164,0.186,0.319,0.246,0.341,0.072,85.538,23,10,0,7,R,BOS@NYY,BOS,NYY
4,Payton Tolle,801139,L,SI,R,350,0.181,23.0,0.311,0.109,0.315,0.469,0.453,0.281,0.062,88.836,16,5,1,1,R,BOS@NYY,BOS,NYY
5,Payton Tolle,801139,L,SL,R,8,0.004,0.0,0.25,0.25,0.0,0.667,0.333,0.0,0.0,94.267,0,0,0,0,R,BOS@NYY,BOS,NYY
0,Payton Tolle,801139,L,CH,L,2,0.003,0.0,0.0,0.0,0.0,0.0,0.0,0.0,0.0,60.9,0,0,0,0,L,BOS@NYY,BOS,NYY
1,Payton Tolle,801139,L,CU,L,48,0.074,2.0,0.5,0.125,0.167,0.167,0.333,0.333,0.0,89.75,2,0,0,0,L,BOS@NYY,BOS,NYY
2,Payton Tolle,801139,L,FC,L,158,0.243,6.0,0.354,0.203,0.171,0.179,0.357,0.214,0.036,82.932,5,0,0,1,L,BOS@NYY,BOS,NYY
3,Payton Tolle,801139,L,FF,L,236,0.363,16.0,0.301,0.208,0.267,0.405,0.324,0.351,0.081,86.873,9,3,0,4,L,BOS@NYY,BOS,NYY
4,Payton Tolle,801139,L,SI,L,200,0.308,20.0,0.285,0.045,0.312,0.288,0.712,0.102,0.034,81.971,14,4,0,2,L,BOS@NYY,BOS,NYY
5,Payton Tolle,801139,L,SL,L,6,0.009,0.0,0.167,0.167,0.0,0.0,0.0,0.0,0.0,71.5,0,0,0,0,L,BOS@NYY,BOS,NYY
0,Michael King,650633,R,CH,R,195,0.118,9.0,0.333,0.174,0.153,0.279,0.488,0.163,0.047,86.7,7,2,0,0,R,CHC@SD,SD,CHC
1,Michael King,650633,R,FF,R,318,0.193,13.0,0.39,0.138,0.255,0.441,0.324,0.382,0.118,88.724,8,2,1,2,R,CHC@SD,SD,CHC
2,Michael King,650633,R,SI,R,573,0.347,31.0,0.312,0.073,0.244,0.382,0.559,0.216,0.088,86.033,20,4,0,7,R,CHC@SD,SD,CHC
3,Michael King,650633,R,SL,R,150,0.091,7.0,0.487,0.093,0.25,0.36,0.6,0.16,0.04,86.684,6,1,0,0,R,CHC@SD,SD,CHC
4,Michael King,650633,R,ST,R,413,0.25,20.0,0.378,0.169,0.198,0.274,0.315,0.288,0.082,84.305,10,6,0,4,R,CHC@SD,SD,CHC
0,Michael King,650633,R,CH,L,854,0.335,52.0,0.369,0.15,0.209,0.24,0.486,0.25,0.072,82.674,44,3,0,5,L,CHC@SD,SD,CHC
1,Michael King,650633,R,FF,L,585,0.229,27.0,0.398,0.121,0.265,0.463,0.239,0.403,0.209,89.291,16,4,0,7,L,CHC@SD,SD,CHC
2,Michael King,650633,R,SI,L,616,0.241,31.0,0.344,0.06,0.226,0.479,0.468,0.255,0.085,91.02,21,4,0,6,L,CHC@SD,SD,CHC
3,Michael King,650633,R,SL,L,137,0.054,5.0,0.358,0.124,0.125,0.333,0.333,0.481,0.037,85.944,3,2,0,0,L,CHC@SD,SD,CHC
4,Michael King,650633,R,ST,L,359,0.141,15.0,0.432,0.058,0.283,0.349,0.326,0.326,0.116,88.195,9,4,1,1,L,CHC@SD,SD,CHC
0,Matthew Boyd,571510,L,CH,R,1092,0.307,70.0,0.301,0.169,0.217,0.289,0.344,0.332,0.086,84.816,47,11,1,11,R,CHC@SD,CHC,SD
1,Matthew Boyd,571510,L,CU,R,434,0.122,14.0,0.442,0.051,0.255,0.214,0.476,0.262,0.071,85.19,9,4,0,1,R,CHC@SD,CHC,SD
2,Matthew Boyd,571510,L,FF,R,1715,0.482,104.0,0.308,0.088,0.267,0.485,0.358,0.318,0.109,91.622,66,19,2,17,R,CHC@SD,CHC,SD
3,Matthew Boyd,571510,L,SI,R,26,0.007,3.0,0.423,0.115,0.429,0.429,0.429,0.143,0.0,89.471,3,0,0,0,R,CHC@SD,CHC,SD
4,Matthew Boyd,571510,L,SL,R,293,0.082,12.0,0.44,0.123,0.176,0.351,0.405,0.243,0.081,84.395,9,1,0,2,R,CHC@SD,CHC,SD
0,Matthew Boyd,571510,L,CH,L,104,0.091,5.0,0.394,0.154,0.208,0.111,0.5,0.167,0.0,77.639,5,0,0,0,L,CHC@SD,CHC,SD
1,Matthew Boyd,571510,L,CU,L,121,0.106,3.0,0.372,0.116,0.15,0.077,0.538,0.308,0.077,71.785,1,0,1,1,L,CHC@SD,CHC,SD
2,Matthew Boyd,571510,L,FF,L,425,0.372,31.0,0.245,0.075,0.263,0.505,0.524,0.175,0.078,90.967,27,3,0,1,L,CHC@SD,CHC,SD
3,Matthew Boyd,571510,L,SI,L,101,0.088,8.0,0.307,0.069,0.267,0.308,0.731,0.077,0.038,86.585,8,0,0,0,L,CHC@SD,CHC,SD
4,Matthew Boyd,571510,L,SL,L,392,0.343,18.0,0.426,0.191,0.191,0.254,0.508,0.186,0.017,80.664,15,2,0,1,L,CHC@SD,CHC,SD
