,BatterTeam,Split,inning,YRA,NRA,NRA%,Year,Apps
0,ARI,Home,1,63,99,0.611,2025,162
1,ARI,Home,2,44,118,0.728,2025,162
2,ARI,Home,3,48,114,0.704,2025,162
3,ARI,Home,4,42,120,0.741,2025,162
4,ARI,Home,5,54,108,0.667,2025,162
5,ARI,Home,6,41,121,0.747,2025,162
6,ARI,Home,7,40,122,0.753,2025,162
7,ARI,Home,8,51,111,0.685,2025,162
8,ARI,Home,9,18,74,0.804,2025,92
11,ARI,Road,1,44,117,0.727,2025,161
12,ARI,Road,2,39,122,0.758,2025,161
13,ARI,Road,3,47,114,0.708,2025,161
14,ARI,Road,4,52,109,0.677,2025,161
15,ARI,Road,5,42,119,0.739,2025,161
16,ARI,Road,6,45,116,0.72,2025,161
17,ARI,Road,7,44,117,0.727,2025,161
18,ARI,Road,8,43,118,0.733,2025,161
19,ARI,Road,9,42,119,0.739,2025,161
0,ARI,Total,1,107,216,0.669,2025,323
1,ARI,Total,2,83,240,0.743,2025,323
2,ARI,Total,3,95,228,0.706,2025,323
3,ARI,Total,4,94,229,0.709,2025,323
4,ARI,Total,5,96,227,0.703,2025,323
5,ARI,Total,6,86,237,0.734,2025,323
6,ARI,Total,7,84,239,0.74,2025,323
7,ARI,Total,8,94,229,0.709,2025,323
8,ARI,Total,9,60,193,0.763,2025,253
23,ATH,Home,1,27,54,0.667,2025,81
24,ATH,Home,2,21,60,0.741,2025,81
25,ATH,Home,3,30,51,0.63,2025,81
26,ATH,Home,4,17,64,0.79,2025,81
27,ATH,Home,5,26,55,0.679,2025,81
28,ATH,Home,6,15,66,0.815,2025,81
29,ATH,Home,7,24,57,0.704,2025,81
30,ATH,Home,8,23,58,0.716,2025,81
31,ATH,Home,9,12,42,0.778,2025,54
34,ATH,Road,1,23,58,0.716,2025,81
35,ATH,Road,2,19,62,0.765,2025,81
36,ATH,Road,3,19,62,0.765,2025,81
37,ATH,Road,4,28,53,0.654,2025,81
38,ATH,Road,5,21,60,0.741,2025,81
39,ATH,Road,6,28,53,0.654,2025,81
40,ATH,Road,7,16,65,0.802,2025,81
41,ATH,Road,8,21,60,0.741,2025,81
42,ATH,Road,9,25,56,0.691,2025,81
12,ATH,Total,1,50,112,0.691,2025,162
13,ATH,Total,2,40,122,0.753,2025,162
14,ATH,Total,3,49,113,0.698,2025,162
15,ATH,Total,4,45,117,0.722,2025,162
16,ATH,Total,5,47,115,0.71,2025,162
17,ATH,Total,6,43,119,0.735,2025,162
18,ATH,Total,7,40,122,0.753,2025,162
19,ATH,Total,8,44,118,0.728,2025,162
20,ATH,Total,9,37,98,0.726,2025,135
45,ATL,Home,1,54,107,0.665,2025,161
46,ATL,Home,2,37,124,0.77,2025,161
47,ATL,Home,3,47,114,0.708,2025,161
48,ATL,Home,4,42,119,0.739,2025,161
49,ATL,Home,5,41,120,0.745,2025,161
50,ATL,Home,6,45,116,0.72,2025,161
51,ATL,Home,7,46,115,0.714,2025,161
52,ATL,Home,8,43,118,0.733,2025,161
53,ATL,Home,9,20,64,0.762,2025,84
56,ATL,Road,1,41,120,0.745,2025,161
57,ATL,Road,2,45,116,0.72,2025,161
58,ATL,Road,3,32,129,0.801,2025,161
59,ATL,Road,4,45,116,0.72,2025,161
60,ATL,Road,5,38,123,0.764,2025,161
61,ATL,Road,6,47,114,0.708,2025,161
62,ATL,Road,7,35,126,0.783,2025,161
63,ATL,Road,8,49,112,0.696,2025,161
64,ATL,Road,9,57,104,0.646,2025,161
23,ATL,Total,1,95,227,0.705,2025,322
24,ATL,Total,2,82,240,0.745,2025,322
25,ATL,Total,3,79,243,0.755,2025,322
26,ATL,Total,4,87,235,0.73,2025,322
27,ATL,Total,5,79,243,0.755,2025,322
28,ATL,Total,6,92,230,0.714,2025,322
29,ATL,Total,7,81,241,0.748,2025,322
30,ATL,Total,8,92,230,0.714,2025,322
31,ATL,Total,9,77,168,0.686,2025,245
67,BAL,Home,1,39,123,0.759,2025,162
68,BAL,Home,2,42,120,0.741,2025,162
69,BAL,Home,3,50,112,0.691,2025,162
70,BAL,Home,4,34,128,0.79,2025,162
71,BAL,Home,5,45,117,0.722,2025,162
72,BAL,Home,6,45,116,0.72,2025,161
73,BAL,Home,7,52,109,0.677,2025,161
74,BAL,Home,8,41,120,0.745,2025,161
75,BAL,Home,9,16,78,0.83,2025,94
80,BAL,Road,1,44,117,0.727,2025,161
81,BAL,Road,2,33,128,0.795,2025,161
82,BAL,Road,3,50,111,0.689,2025,161
83,BAL,Road,4,42,119,0.739,2025,161
84,BAL,Road,5,42,119,0.739,2025,161
85,BAL,Road,6,38,123,0.764,2025,161
86,BAL,Road,7,47,114,0.708,2025,161
87,BAL,Road,8,34,127,0.789,2025,161
88,BAL,Road,9,31,130,0.807,2025,161
34,BAL,Total,1,83,240,0.743,2025,323
35,BAL,Total,2,75,248,0.768,2025,323
36,BAL,Total,3,100,223,0.69,2025,323
37,BAL,Total,4,76,247,0.765,2025,323
38,BAL,Total,5,87,236,0.731,2025,323
39,BAL,Total,6,83,239,0.742,2025,322
40,BAL,Total,7,99,223,0.693,2025,322
41,BAL,Total,8,75,247,0.767,2025,322
42,BAL,Total,9,47,208,0.816,2025,255
92,BOS,Home,1,49,112,0.696,2025,161
93,BOS,Home,2,42,119,0.739,2025,161
94,BOS,Home,3,51,110,0.683,2025,161
95,BOS,Home,4,40,121,0.752,2025,161
96,BOS,Home,5,42,119,0.739,2025,161
97,BOS,Home,6,49,112,0.696,2025,161
98,BOS,Home,7,50,111,0.689,2025,161
99,BOS,Home,8,45,116,0.72,2025,161
100,BOS,Home,9,20,69,0.775,2025,89
105,BOS,Road,1,41,121,0.747,2025,162
106,BOS,Road,2,40,122,0.753,2025,162
107,BOS,Road,3,45,117,0.722,2025,162
108,BOS,Road,4,40,122,0.753,2025,162
109,BOS,Road,5,45,117,0.722,2025,162
110,BOS,Road,6,40,122,0.753,2025,162
111,BOS,Road,7,37,125,0.772,2025,162
112,BOS,Road,8,38,124,0.765,2025,162
113,BOS,Road,9,50,112,0.691,2025,162
47,BOS,Total,1,90,233,0.721,2025,323
48,BOS,Total,2,82,241,0.746,2025,323
49,BOS,Total,3,96,227,0.703,2025,323
50,BOS,Total,4,80,243,0.752,2025,323
51,BOS,Total,5,87,236,0.731,2025,323
52,BOS,Total,6,89,234,0.724,2025,323
53,BOS,Total,7,87,236,0.731,2025,323
54,BOS,Total,8,83,240,0.743,2025,323
55,BOS,Total,9,70,181,0.721,2025,251
117,CHC,Home,1,52,110,0.679,2025,162
118,CHC,Home,2,61,101,0.623,2025,162
119,CHC,Home,3,46,116,0.716,2025,162
120,CHC,Home,4,46,116,0.716,2025,162
121,CHC,Home,5,47,115,0.71,2025,162
122,CHC,Home,6,47,115,0.71,2025,162
123,CHC,Home,7,45,117,0.722,2025,162
124,CHC,Home,8,48,114,0.704,2025,162
125,CHC,Home,9,15,71,0.826,2025,86
129,CHC,Road,1,40,121,0.752,2025,161
130,CHC,Road,2,41,120,0.745,2025,161
131,CHC,Road,3,41,120,0.745,2025,161
132,CHC,Road,4,55,106,0.658,2025,161
133,CHC,Road,5,52,109,0.677,2025,161
134,CHC,Road,6,58,103,0.64,2025,161
135,CHC,Road,7,47,114,0.708,2025,161
136,CHC,Road,8,54,107,0.665,2025,161
137,CHC,Road,9,41,120,0.745,2025,161
60,CHC,Total,1,92,231,0.715,2025,323
61,CHC,Total,2,102,221,0.684,2025,323
62,CHC,Total,3,87,236,0.731,2025,323
63,CHC,Total,4,101,222,0.687,2025,323
64,CHC,Total,5,99,224,0.693,2025,323
65,CHC,Total,6,105,218,0.675,2025,323
66,CHC,Total,7,92,231,0.715,2025,323
67,CHC,Total,8,102,221,0.684,2025,323
68,CHC,Total,9,56,191,0.773,2025,247
140,CIN,Home,1,52,110,0.679,2025,162
141,CIN,Home,2,38,124,0.765,2025,162
142,CIN,Home,3,44,118,0.728,2025,162
143,CIN,Home,4,44,118,0.728,2025,162
144,CIN,Home,5,45,117,0.722,2025,162
145,CIN,Home,6,46,116,0.716,2025,162
146,CIN,Home,7,37,124,0.77,2025,161
147,CIN,Home,8,37,124,0.77,2025,161
148,CIN,Home,9,19,72,0.791,2025,91
151,CIN,Road,1,38,123,0.764,2025,161
152,CIN,Road,2,36,125,0.776,2025,161
153,CIN,Road,3,49,112,0.696,2025,161
154,CIN,Road,4,49,112,0.696,2025,161
155,CIN,Road,5,46,115,0.714,2025,161
156,CIN,Road,6,45,116,0.72,2025,161
157,CIN,Road,7,34,127,0.789,2025,161
158,CIN,Road,8,46,115,0.714,2025,161
159,CIN,Road,9,40,121,0.752,2025,161
72,CIN,Total,1,90,233,0.721,2025,323
73,CIN,Total,2,74,249,0.771,2025,323
74,CIN,Total,3,93,230,0.712,2025,323
75,CIN,Total,4,93,230,0.712,2025,323
76,CIN,Total,5,91,232,0.718,2025,323
77,CIN,Total,6,91,232,0.718,2025,323
78,CIN,Total,7,71,251,0.78,2025,322
79,CIN,Total,8,83,239,0.742,2025,322
80,CIN,Total,9,59,193,0.766,2025,252
162,CLE,Home,1,53,109,0.673,2025,162
163,CLE,Home,2,27,135,0.833,2025,162
164,CLE,Home,3,45,117,0.722,2025,162
165,CLE,Home,4,45,117,0.722,2025,162
166,CLE,Home,5,46,116,0.716,2025,162
167,CLE,Home,6,40,122,0.753,2025,162
168,CLE,Home,7,38,124,0.765,2025,162
169,CLE,Home,8,38,124,0.765,2025,162
170,CLE,Home,9,17,76,0.817,2025,93
174,CLE,Road,1,40,121,0.752,2025,161
175,CLE,Road,2,33,128,0.795,2025,161
176,CLE,Road,3,39,122,0.758,2025,161
177,CLE,Road,4,43,118,0.733,2025,161
178,CLE,Road,5,43,118,0.733,2025,161
179,CLE,Road,6,45,116,0.72,2025,161
180,CLE,Road,7,42,119,0.739,2025,161
181,CLE,Road,8,38,123,0.764,2025,161
182,CLE,Road,9,39,122,0.758,2025,161
83,CLE,Total,1,93,230,0.712,2025,323
84,CLE,Total,2,60,263,0.814,2025,323
85,CLE,Total,3,84,239,0.74,2025,323
86,CLE,Total,4,88,235,0.728,2025,323
87,CLE,Total,5,89,234,0.724,2025,323
88,CLE,Total,6,85,238,0.737,2025,323
89,CLE,Total,7,80,243,0.752,2025,323
90,CLE,Total,8,76,247,0.765,2025,323
91,CLE,Total,9,56,198,0.78,2025,254
185,COL,Home,1,58,104,0.642,2025,162
186,COL,Home,2,47,115,0.71,2025,162
187,COL,Home,3,55,107,0.66,2025,162
188,COL,Home,4,55,107,0.66,2025,162
189,COL,Home,5,43,119,0.735,2025,162
190,COL,Home,6,40,122,0.753,2025,162
191,COL,Home,7,42,120,0.741,2025,162
192,COL,Home,8,50,112,0.691,2025,162
193,COL,Home,9,38,75,0.664,2025,113
196,COL,Road,1,27,134,0.832,2025,161
197,COL,Road,2,27,134,0.832,2025,161
198,COL,Road,3,38,123,0.764,2025,161
199,COL,Road,4,42,119,0.739,2025,161
200,COL,Road,5,44,117,0.727,2025,161
201,COL,Road,6,38,123,0.764,2025,161
202,COL,Road,7,35,126,0.783,2025,161
203,COL,Road,8,41,120,0.745,2025,161
204,COL,Road,9,34,127,0.789,2025,161
95,COL,Total,1,85,238,0.737,2025,323
96,COL,Total,2,74,249,0.771,2025,323
97,COL,Total,3,93,230,0.712,2025,323
98,COL,Total,4,97,226,0.7,2025,323
99,COL,Total,5,87,236,0.731,2025,323
100,COL,Total,6,78,245,0.759,2025,323
101,COL,Total,7,77,246,0.762,2025,323
102,COL,Total,8,91,232,0.718,2025,323
103,COL,Total,9,72,202,0.737,2025,274
208,CWS,Home,1,52,109,0.677,2025,161
209,CWS,Home,2,40,121,0.752,2025,161
210,CWS,Home,3,38,123,0.764,2025,161
211,CWS,Home,4,36,125,0.776,2025,161
212,CWS,Home,5,41,120,0.745,2025,161
213,CWS,Home,6,44,117,0.727,2025,161
214,CWS,Home,7,39,120,0.755,2025,159
215,CWS,Home,8,46,113,0.711,2025,159
216,CWS,Home,9,20,74,0.787,2025,94
220,CWS,Road,1,52,110,0.679,2025,162
221,CWS,Road,2,38,124,0.765,2025,162
222,CWS,Road,3,43,119,0.735,2025,162
223,CWS,Road,4,48,114,0.704,2025,162
224,CWS,Road,5,44,118,0.728,2025,162
225,CWS,Road,6,43,119,0.735,2025,162
226,CWS,Road,7,39,123,0.759,2025,162
227,CWS,Road,8,30,131,0.814,2025,161
228,CWS,Road,9,33,128,0.795,2025,161
107,CWS,Total,1,104,219,0.678,2025,323
108,CWS,Total,2,78,245,0.759,2025,323
109,CWS,Total,3,81,242,0.749,2025,323
110,CWS,Total,4,84,239,0.74,2025,323
111,CWS,Total,5,85,238,0.737,2025,323
112,CWS,Total,6,87,236,0.731,2025,323
113,CWS,Total,7,78,243,0.757,2025,321
114,CWS,Total,8,76,244,0.762,2025,320
115,CWS,Total,9,53,202,0.792,2025,255
233,DET,Home,1,46,115,0.714,2025,161
234,DET,Home,2,44,117,0.727,2025,161
235,DET,Home,3,49,112,0.696,2025,161
236,DET,Home,4,54,107,0.665,2025,161
237,DET,Home,5,65,96,0.596,2025,161
238,DET,Home,6,45,116,0.72,2025,161
239,DET,Home,7,46,115,0.714,2025,161
240,DET,Home,8,38,123,0.764,2025,161
241,DET,Home,9,15,69,0.821,2025,84
245,DET,Road,1,50,112,0.691,2025,162
246,DET,Road,2,37,125,0.772,2025,162
247,DET,Road,3,47,115,0.71,2025,162
248,DET,Road,4,37,125,0.772,2025,162
249,DET,Road,5,35,127,0.784,2025,162
250,DET,Road,6,31,131,0.809,2025,162
251,DET,Road,7,38,124,0.765,2025,162
252,DET,Road,8,45,117,0.722,2025,162
253,DET,Road,9,36,126,0.778,2025,162
120,DET,Total,1,96,227,0.703,2025,323
121,DET,Total,2,81,242,0.749,2025,323
122,DET,Total,3,96,227,0.703,2025,323
123,DET,Total,4,91,232,0.718,2025,323
124,DET,Total,5,100,223,0.69,2025,323
125,DET,Total,6,76,247,0.765,2025,323
126,DET,Total,7,84,239,0.74,2025,323
127,DET,Total,8,83,240,0.743,2025,323
128,DET,Total,9,51,195,0.793,2025,246
257,HOU,Home,1,50,112,0.691,2025,162
258,HOU,Home,2,33,129,0.796,2025,162
259,HOU,Home,3,55,107,0.66,2025,162
260,HOU,Home,4,39,123,0.759,2025,162
261,HOU,Home,5,50,112,0.691,2025,162
262,HOU,Home,6,39,123,0.759,2025,162
263,HOU,Home,7,35,127,0.784,2025,162
264,HOU,Home,8,47,115,0.71,2025,162
265,HOU,Home,9,13,74,0.851,2025,87
269,HOU,Road,1,48,113,0.702,2025,161
270,HOU,Road,2,41,120,0.745,2025,161
271,HOU,Road,3,40,121,0.752,2025,161
272,HOU,Road,4,43,118,0.733,2025,161
273,HOU,Road,5,38,123,0.764,2025,161
274,HOU,Road,6,50,111,0.689,2025,161
275,HOU,Road,7,42,119,0.739,2025,161
276,HOU,Road,8,51,109,0.681,2025,160
277,HOU,Road,9,37,123,0.769,2025,160
132,HOU,Total,1,98,225,0.697,2025,323
133,HOU,Total,2,74,249,0.771,2025,323
134,HOU,Total,3,95,228,0.706,2025,323
135,HOU,Total,4,82,241,0.746,2025,323
136,HOU,Total,5,88,235,0.728,2025,323
137,HOU,Total,6,89,234,0.724,2025,323
138,HOU,Total,7,77,246,0.762,2025,323
139,HOU,Total,8,98,224,0.696,2025,322
140,HOU,Total,9,50,197,0.798,2025,247
281,KC,Home,1,55,106,0.658,2025,161
282,KC,Home,2,35,126,0.783,2025,161
283,KC,Home,3,42,119,0.739,2025,161
284,KC,Home,4,48,113,0.702,2025,161
285,KC,Home,5,38,123,0.764,2025,161
286,KC,Home,6,47,114,0.708,2025,161
287,KC,Home,7,41,120,0.745,2025,161
288,KC,Home,8,48,113,0.702,2025,161
289,KC,Home,9,18,73,0.802,2025,91
293,KC,Road,1,50,112,0.691,2025,162
294,KC,Road,2,30,132,0.815,2025,162
295,KC,Road,3,33,129,0.796,2025,162
296,KC,Road,4,46,116,0.716,2025,162
297,KC,Road,5,49,113,0.698,2025,162
298,KC,Road,6,33,129,0.796,2025,162
299,KC,Road,7,36,126,0.778,2025,162
300,KC,Road,8,42,120,0.741,2025,162
301,KC,Road,9,41,121,0.747,2025,162
144,KC,Total,1,105,218,0.675,2025,323
145,KC,Total,2,65,258,0.799,2025,323
146,KC,Total,3,75,248,0.768,2025,323
147,KC,Total,4,94,229,0.709,2025,323
148,KC,Total,5,87,236,0.731,2025,323
149,KC,Total,6,80,243,0.752,2025,323
150,KC,Total,7,77,246,0.762,2025,323
151,KC,Total,8,90,233,0.721,2025,323
152,KC,Total,9,59,194,0.767,2025,253
304,LAA,Home,1,57,105,0.648,2025,162
305,LAA,Home,2,34,128,0.79,2025,162
306,LAA,Home,3,34,128,0.79,2025,162
307,LAA,Home,4,39,123,0.759,2025,162
308,LAA,Home,5,46,116,0.716,2025,162
309,LAA,Home,6,30,132,0.815,2025,162
310,LAA,Home,7,28,134,0.827,2025,162
311,LAA,Home,8,38,124,0.765,2025,162
312,LAA,Home,9,18,89,0.832,2025,107
315,LAA,Road,1,50,111,0.689,2025,161
316,LAA,Road,2,36,125,0.776,2025,161
317,LAA,Road,3,34,127,0.789,2025,161
318,LAA,Road,4,45,116,0.72,2025,161
319,LAA,Road,5,49,112,0.696,2025,161
320,LAA,Road,6,37,124,0.77,2025,161
321,LAA,Road,7,47,114,0.708,2025,161
322,LAA,Road,8,42,119,0.739,2025,161
323,LAA,Road,9,43,118,0.733,2025,161
156,LAA,Total,1,107,216,0.669,2025,323
157,LAA,Total,2,70,253,0.783,2025,323
158,LAA,Total,3,68,255,0.789,2025,323
159,LAA,Total,4,84,239,0.74,2025,323
160,LAA,Total,5,95,228,0.706,2025,323
161,LAA,Total,6,67,256,0.793,2025,323
162,LAA,Total,7,75,248,0.768,2025,323
163,LAA,Total,8,80,243,0.752,2025,323
164,LAA,Total,9,61,207,0.772,2025,268
327,LAD,Home,1,58,104,0.642,2025,162
328,LAD,Home,2,47,115,0.71,2025,162
329,LAD,Home,3,49,113,0.698,2025,162
330,LAD,Home,4,48,114,0.704,2025,162
331,LAD,Home,5,47,115,0.71,2025,162
332,LAD,Home,6,63,99,0.611,2025,162
333,LAD,Home,7,41,121,0.747,2025,162
334,LAD,Home,8,47,115,0.71,2025,162
335,LAD,Home,9,21,55,0.724,2025,76
338,LAD,Road,1,43,118,0.733,2025,161
339,LAD,Road,2,51,110,0.683,2025,161
340,LAD,Road,3,53,108,0.671,2025,161
341,LAD,Road,4,50,111,0.689,2025,161
342,LAD,Road,5,39,122,0.758,2025,161
343,LAD,Road,6,56,105,0.652,2025,161
344,LAD,Road,7,49,112,0.696,2025,161
345,LAD,Road,8,38,123,0.764,2025,161
346,LAD,Road,9,47,114,0.708,2025,161
168,LAD,Total,1,101,222,0.687,2025,323
169,LAD,Total,2,98,225,0.697,2025,323
170,LAD,Total,3,102,221,0.684,2025,323
171,LAD,Total,4,98,225,0.697,2025,323
172,LAD,Total,5,86,237,0.734,2025,323
173,LAD,Total,6,119,204,0.632,2025,323
174,LAD,Total,7,90,233,0.721,2025,323
175,LAD,Total,8,85,238,0.737,2025,323
176,LAD,Total,9,68,169,0.713,2025,237
351,MIA,Home,1,46,115,0.714,2025,161
352,MIA,Home,2,50,111,0.689,2025,161
353,MIA,Home,3,35,126,0.783,2025,161
354,MIA,Home,4,43,118,0.733,2025,161
355,MIA,Home,5,46,115,0.714,2025,161
356,MIA,Home,6,39,122,0.758,2025,161
357,MIA,Home,7,43,118,0.733,2025,161
358,MIA,Home,8,44,117,0.727,2025,161
359,MIA,Home,9,20,73,0.785,2025,93
363,MIA,Road,1,37,125,0.772,2025,162
364,MIA,Road,2,41,121,0.747,2025,162
365,MIA,Road,3,40,122,0.753,2025,162
366,MIA,Road,4,43,119,0.735,2025,162
367,MIA,Road,5,47,115,0.71,2025,162
368,MIA,Road,6,38,124,0.765,2025,162
369,MIA,Road,7,45,117,0.722,2025,162
370,MIA,Road,8,48,114,0.704,2025,162
371,MIA,Road,9,41,121,0.747,2025,162
181,MIA,Total,1,83,240,0.743,2025,323
182,MIA,Total,2,91,232,0.718,2025,323
183,MIA,Total,3,75,248,0.768,2025,323
184,MIA,Total,4,86,237,0.734,2025,323
185,MIA,Total,5,93,230,0.712,2025,323
186,MIA,Total,6,77,246,0.762,2025,323
187,MIA,Total,7,88,235,0.728,2025,323
188,MIA,Total,8,92,231,0.715,2025,323
189,MIA,Total,9,61,194,0.761,2025,255
375,MIL,Home,1,47,114,0.708,2025,161
376,MIL,Home,2,43,118,0.733,2025,161
377,MIL,Home,3,47,114,0.708,2025,161
378,MIL,Home,4,61,100,0.621,2025,161
379,MIL,Home,5,48,113,0.702,2025,161
380,MIL,Home,6,47,114,0.708,2025,161
381,MIL,Home,7,42,119,0.739,2025,161
382,MIL,Home,8,48,113,0.702,2025,161
383,MIL,Home,9,12,60,0.833,2025,72
386,MIL,Road,1,39,123,0.759,2025,162
387,MIL,Road,2,54,108,0.667,2025,162
388,MIL,Road,3,42,120,0.741,2025,162
389,MIL,Road,4,47,115,0.71,2025,162
390,MIL,Road,5,44,118,0.728,2025,162
391,MIL,Road,6,46,116,0.716,2025,162
392,MIL,Road,7,44,118,0.728,2025,162
393,MIL,Road,8,44,118,0.728,2025,162
394,MIL,Road,9,44,118,0.728,2025,162
193,MIL,Total,1,86,237,0.734,2025,323
194,MIL,Total,2,97,226,0.7,2025,323
195,MIL,Total,3,89,234,0.724,2025,323
196,MIL,Total,4,108,215,0.666,2025,323
197,MIL,Total,5,92,231,0.715,2025,323
198,MIL,Total,6,93,230,0.712,2025,323
199,MIL,Total,7,86,237,0.734,2025,323
200,MIL,Total,8,92,231,0.715,2025,323
201,MIL,Total,9,56,178,0.761,2025,234
398,MIN,Home,1,49,112,0.696,2025,161
399,MIN,Home,2,45,116,0.72,2025,161
400,MIN,Home,3,46,115,0.714,2025,161
401,MIN,Home,4,46,115,0.714,2025,161
402,MIN,Home,5,50,111,0.689,2025,161
403,MIN,Home,6,50,111,0.689,2025,161
404,MIN,Home,7,35,126,0.783,2025,161
405,MIN,Home,8,33,127,0.794,2025,160
406,MIN,Home,9,15,81,0.844,2025,96
411,MIN,Road,1,50,112,0.691,2025,162
412,MIN,Road,2,36,126,0.778,2025,162
413,MIN,Road,3,33,129,0.796,2025,162
414,MIN,Road,4,55,107,0.66,2025,162
415,MIN,Road,5,43,119,0.735,2025,162
416,MIN,Road,6,49,113,0.698,2025,162
417,MIN,Road,7,47,114,0.708,2025,161
418,MIN,Road,8,42,119,0.739,2025,161
419,MIN,Road,9,37,124,0.77,2025,161
205,MIN,Total,1,99,224,0.693,2025,323
206,MIN,Total,2,81,242,0.749,2025,323
207,MIN,Total,3,79,244,0.755,2025,323
208,MIN,Total,4,101,222,0.687,2025,323
209,MIN,Total,5,93,230,0.712,2025,323
210,MIN,Total,6,99,224,0.693,2025,323
211,MIN,Total,7,82,240,0.745,2025,322
212,MIN,Total,8,75,246,0.766,2025,321
213,MIN,Total,9,52,205,0.798,2025,257
423,NYM,Home,1,55,107,0.66,2025,162
424,NYM,Home,2,41,121,0.747,2025,162
425,NYM,Home,3,40,122,0.753,2025,162
426,NYM,Home,4,47,115,0.71,2025,162
427,NYM,Home,5,45,117,0.722,2025,162
428,NYM,Home,6,46,116,0.716,2025,162
429,NYM,Home,7,46,116,0.716,2025,162
430,NYM,Home,8,48,114,0.704,2025,162
431,NYM,Home,9,14,78,0.848,2025,92
436,NYM,Road,1,45,116,0.72,2025,161
437,NYM,Road,2,48,113,0.702,2025,161
438,NYM,Road,3,54,107,0.665,2025,161
439,NYM,Road,4,32,129,0.801,2025,161
440,NYM,Road,5,43,118,0.733,2025,161
441,NYM,Road,6,39,122,0.758,2025,161
442,NYM,Road,7,43,118,0.733,2025,161
443,NYM,Road,8,41,120,0.745,2025,161
444,NYM,Road,9,46,115,0.714,2025,161
218,NYM,Total,1,100,223,0.69,2025,323
219,NYM,Total,2,89,234,0.724,2025,323
220,NYM,Total,3,94,229,0.709,2025,323
221,NYM,Total,4,79,244,0.755,2025,323
222,NYM,Total,5,88,235,0.728,2025,323
223,NYM,Total,6,85,238,0.737,2025,323
224,NYM,Total,7,89,234,0.724,2025,323
225,NYM,Total,8,89,234,0.724,2025,323
226,NYM,Total,9,60,193,0.763,2025,253
448,NYY,Home,1,56,105,0.652,2025,161
449,NYY,Home,2,48,113,0.702,2025,161
450,NYY,Home,3,46,115,0.714,2025,161
451,NYY,Home,4,41,120,0.745,2025,161
452,NYY,Home,5,40,121,0.752,2025,161
453,NYY,Home,6,41,119,0.744,2025,160
454,NYY,Home,7,47,113,0.706,2025,160
455,NYY,Home,8,56,104,0.65,2025,160
456,NYY,Home,9,16,57,0.781,2025,73
459,NYY,Road,1,54,108,0.667,2025,162
460,NYY,Road,2,37,125,0.772,2025,162
461,NYY,Road,3,49,113,0.698,2025,162
462,NYY,Road,4,41,121,0.747,2025,162
463,NYY,Road,5,45,117,0.722,2025,162
464,NYY,Road,6,41,121,0.747,2025,162
465,NYY,Road,7,54,108,0.667,2025,162
466,NYY,Road,8,41,121,0.747,2025,162
467,NYY,Road,9,42,120,0.741,2025,162
231,NYY,Total,1,110,213,0.659,2025,323
232,NYY,Total,2,85,238,0.737,2025,323
233,NYY,Total,3,95,228,0.706,2025,323
234,NYY,Total,4,82,241,0.746,2025,323
235,NYY,Total,5,85,238,0.737,2025,323
236,NYY,Total,6,82,240,0.745,2025,322
237,NYY,Total,7,101,221,0.686,2025,322
238,NYY,Total,8,97,225,0.699,2025,322
239,NYY,Total,9,58,177,0.753,2025,235
472,OAK,Home,1,26,54,0.675,2025,80
473,OAK,Home,2,24,56,0.7,2025,80
474,OAK,Home,3,17,63,0.788,2025,80
475,OAK,Home,4,19,61,0.762,2025,80
476,OAK,Home,5,18,62,0.775,2025,80
477,OAK,Home,6,24,56,0.7,2025,80
478,OAK,Home,7,31,49,0.612,2025,80
479,OAK,Home,8,25,55,0.688,2025,80
480,OAK,Home,9,14,40,0.741,2025,54
484,OAK,Road,1,19,62,0.765,2025,81
485,OAK,Road,2,11,70,0.864,2025,81
486,OAK,Road,3,24,57,0.704,2025,81
487,OAK,Road,4,20,61,0.753,2025,81
488,OAK,Road,5,26,55,0.679,2025,81
489,OAK,Road,6,18,63,0.778,2025,81
490,OAK,Road,7,19,62,0.765,2025,81
491,OAK,Road,8,13,68,0.84,2025,81
492,OAK,Road,9,24,57,0.704,2025,81
244,OAK,Total,1,45,116,0.72,2025,161
245,OAK,Total,2,35,126,0.783,2025,161
246,OAK,Total,3,41,120,0.745,2025,161
247,OAK,Total,4,39,122,0.758,2025,161
248,OAK,Total,5,44,117,0.727,2025,161
249,OAK,Total,6,42,119,0.739,2025,161
250,OAK,Total,7,50,111,0.689,2025,161
251,OAK,Total,8,38,123,0.764,2025,161
252,OAK,Total,9,38,97,0.719,2025,135
495,PHI,Home,1,62,99,0.615,2025,161
496,PHI,Home,2,45,116,0.72,2025,161
497,PHI,Home,3,45,116,0.72,2025,161
498,PHI,Home,4,46,115,0.714,2025,161
499,PHI,Home,5,44,117,0.727,2025,161
500,PHI,Home,6,45,116,0.72,2025,161
501,PHI,Home,7,49,112,0.696,2025,161
502,PHI,Home,8,55,106,0.658,2025,161
503,PHI,Home,9,15,60,0.8,2025,75
507,PHI,Road,1,44,118,0.728,2025,162
508,PHI,Road,2,37,125,0.772,2025,162
509,PHI,Road,3,36,126,0.778,2025,162
510,PHI,Road,4,37,125,0.772,2025,162
511,PHI,Road,5,38,124,0.765,2025,162
512,PHI,Road,6,31,131,0.809,2025,162
513,PHI,Road,7,39,122,0.758,2025,161
514,PHI,Road,8,45,116,0.72,2025,161
515,PHI,Road,9,35,126,0.783,2025,161
256,PHI,Total,1,106,217,0.672,2025,323
257,PHI,Total,2,82,241,0.746,2025,323
258,PHI,Total,3,81,242,0.749,2025,323
259,PHI,Total,4,83,240,0.743,2025,323
260,PHI,Total,5,82,241,0.746,2025,323
261,PHI,Total,6,76,247,0.765,2025,323
262,PHI,Total,7,88,234,0.727,2025,322
263,PHI,Total,8,100,222,0.689,2025,322
264,PHI,Total,9,50,186,0.788,2025,236
518,PIT,Home,1,50,112,0.691,2025,162
519,PIT,Home,2,43,119,0.735,2025,162
520,PIT,Home,3,47,115,0.71,2025,162
521,PIT,Home,4,39,123,0.759,2025,162
522,PIT,Home,5,43,119,0.735,2025,162
523,PIT,Home,6,36,126,0.778,2025,162
524,PIT,Home,7,40,122,0.753,2025,162
525,PIT,Home,8,51,111,0.685,2025,162
526,PIT,Home,9,16,69,0.812,2025,85
531,PIT,Road,1,43,118,0.733,2025,161
532,PIT,Road,2,34,127,0.789,2025,161
533,PIT,Road,3,29,132,0.82,2025,161
534,PIT,Road,4,34,127,0.789,2025,161
535,PIT,Road,5,49,112,0.696,2025,161
536,PIT,Road,6,47,114,0.708,2025,161
537,PIT,Road,7,27,134,0.832,2025,161
538,PIT,Road,8,32,129,0.801,2025,161
539,PIT,Road,9,33,128,0.795,2025,161
268,PIT,Total,1,93,230,0.712,2025,323
269,PIT,Total,2,77,246,0.762,2025,323
270,PIT,Total,3,76,247,0.765,2025,323
271,PIT,Total,4,73,250,0.774,2025,323
272,PIT,Total,5,92,231,0.715,2025,323
273,PIT,Total,6,83,240,0.743,2025,323
274,PIT,Total,7,67,256,0.793,2025,323
275,PIT,Total,8,83,240,0.743,2025,323
276,PIT,Total,9,49,197,0.801,2025,246
543,SD,Home,1,40,121,0.752,2025,161
544,SD,Home,2,42,119,0.739,2025,161
545,SD,Home,3,48,113,0.702,2025,161
546,SD,Home,4,45,116,0.72,2025,161
547,SD,Home,5,46,115,0.714,2025,161
548,SD,Home,6,44,117,0.727,2025,161
549,SD,Home,7,51,110,0.683,2025,161
550,SD,Home,8,45,116,0.72,2025,161
551,SD,Home,9,10,68,0.872,2025,78
555,SD,Road,1,43,119,0.735,2025,162
556,SD,Road,2,49,113,0.698,2025,162
557,SD,Road,3,37,125,0.772,2025,162
558,SD,Road,4,48,114,0.704,2025,162
559,SD,Road,5,45,117,0.722,2025,162
560,SD,Road,6,32,130,0.802,2025,162
561,SD,Road,7,53,109,0.673,2025,162
562,SD,Road,8,40,122,0.753,2025,162
563,SD,Road,9,46,116,0.716,2025,162
281,SD,Total,1,83,240,0.743,2025,323
282,SD,Total,2,91,232,0.718,2025,323
283,SD,Total,3,85,238,0.737,2025,323
284,SD,Total,4,93,230,0.712,2025,323
285,SD,Total,5,91,232,0.718,2025,323
286,SD,Total,6,76,247,0.765,2025,323
287,SD,Total,7,104,219,0.678,2025,323
288,SD,Total,8,85,238,0.737,2025,323
289,SD,Total,9,56,184,0.767,2025,240
566,SEA,Home,1,43,118,0.733,2025,161
567,SEA,Home,2,51,110,0.683,2025,161
568,SEA,Home,3,35,126,0.783,2025,161
569,SEA,Home,4,42,119,0.739,2025,161
570,SEA,Home,5,40,121,0.752,2025,161
571,SEA,Home,6,43,118,0.733,2025,161
572,SEA,Home,7,40,121,0.752,2025,161
573,SEA,Home,8,31,130,0.807,2025,161
574,SEA,Home,9,14,76,0.844,2025,90
579,SEA,Road,1,54,108,0.667,2025,162
580,SEA,Road,2,48,114,0.704,2025,162
581,SEA,Road,3,38,124,0.765,2025,162
582,SEA,Road,4,46,116,0.716,2025,162
583,SEA,Road,5,44,118,0.728,2025,162
584,SEA,Road,6,46,116,0.716,2025,162
585,SEA,Road,7,44,118,0.728,2025,162
586,SEA,Road,8,39,123,0.759,2025,162
587,SEA,Road,9,47,115,0.71,2025,162
293,SEA,Total,1,97,226,0.7,2025,323
294,SEA,Total,2,99,224,0.693,2025,323
295,SEA,Total,3,73,250,0.774,2025,323
296,SEA,Total,4,88,235,0.728,2025,323
297,SEA,Total,5,84,239,0.74,2025,323
298,SEA,Total,6,89,234,0.724,2025,323
299,SEA,Total,7,84,239,0.74,2025,323
300,SEA,Total,8,70,253,0.783,2025,323
301,SEA,Total,9,61,191,0.758,2025,252
591,SF,Home,1,52,109,0.677,2025,161
592,SF,Home,2,37,124,0.77,2025,161
593,SF,Home,3,38,123,0.764,2025,161
594,SF,Home,4,40,121,0.752,2025,161
595,SF,Home,5,52,109,0.677,2025,161
596,SF,Home,6,40,121,0.752,2025,161
597,SF,Home,7,27,134,0.832,2025,161
598,SF,Home,8,45,116,0.72,2025,161
599,SF,Home,9,16,82,0.837,2025,98
603,SF,Road,1,47,114,0.708,2025,161
604,SF,Road,2,40,121,0.752,2025,161
605,SF,Road,3,42,119,0.739,2025,161
606,SF,Road,4,41,120,0.745,2025,161
607,SF,Road,5,45,116,0.72,2025,161
608,SF,Road,6,41,120,0.745,2025,161
609,SF,Road,7,39,121,0.756,2025,160
610,SF,Road,8,32,128,0.8,2025,160
611,SF,Road,9,35,125,0.781,2025,160
306,SF,Total,1,99,223,0.693,2025,322
307,SF,Total,2,77,245,0.761,2025,322
308,SF,Total,3,80,242,0.752,2025,322
309,SF,Total,4,81,241,0.748,2025,322
310,SF,Total,5,97,225,0.699,2025,322
311,SF,Total,6,81,241,0.748,2025,322
312,SF,Total,7,66,255,0.794,2025,321
313,SF,Total,8,77,244,0.76,2025,321
314,SF,Total,9,51,207,0.802,2025,258
615,STL,Home,1,39,123,0.759,2025,162
616,STL,Home,2,42,120,0.741,2025,162
617,STL,Home,3,47,115,0.71,2025,162
618,STL,Home,4,38,124,0.765,2025,162
619,STL,Home,5,40,122,0.753,2025,162
620,STL,Home,6,54,108,0.667,2025,162
621,STL,Home,7,33,129,0.796,2025,162
622,STL,Home,8,44,118,0.728,2025,162
623,STL,Home,9,14,78,0.848,2025,92
626,STL,Road,1,47,114,0.708,2025,161
627,STL,Road,2,34,127,0.789,2025,161
628,STL,Road,3,40,121,0.752,2025,161
629,STL,Road,4,48,113,0.702,2025,161
630,STL,Road,5,46,115,0.714,2025,161
631,STL,Road,6,43,118,0.733,2025,161
632,STL,Road,7,45,116,0.72,2025,161
633,STL,Road,8,46,115,0.714,2025,161
634,STL,Road,9,47,114,0.708,2025,161
318,STL,Total,1,86,237,0.734,2025,323
319,STL,Total,2,76,247,0.765,2025,323
320,STL,Total,3,87,236,0.731,2025,323
321,STL,Total,4,86,237,0.734,2025,323
322,STL,Total,5,86,237,0.734,2025,323
323,STL,Total,6,97,226,0.7,2025,323
324,STL,Total,7,78,245,0.759,2025,323
325,STL,Total,8,90,233,0.721,2025,323
326,STL,Total,9,61,192,0.759,2025,253
639,TB,Home,1,58,104,0.642,2025,162
640,TB,Home,2,35,127,0.784,2025,162
641,TB,Home,3,50,112,0.691,2025,162
642,TB,Home,4,59,103,0.636,2025,162
643,TB,Home,5,36,126,0.778,2025,162
644,TB,Home,6,50,112,0.691,2025,162
645,TB,Home,7,39,123,0.759,2025,162
646,TB,Home,8,48,114,0.704,2025,162
647,TB,Home,9,19,58,0.753,2025,77
650,TB,Road,1,44,117,0.727,2025,161
651,TB,Road,2,40,121,0.752,2025,161
652,TB,Road,3,49,112,0.696,2025,161
653,TB,Road,4,47,114,0.708,2025,161
654,TB,Road,5,41,120,0.745,2025,161
655,TB,Road,6,44,117,0.727,2025,161
656,TB,Road,7,38,123,0.764,2025,161
657,TB,Road,8,33,128,0.795,2025,161
658,TB,Road,9,33,128,0.795,2025,161
331,TB,Total,1,102,221,0.684,2025,323
332,TB,Total,2,75,248,0.768,2025,323
333,TB,Total,3,99,224,0.693,2025,323
334,TB,Total,4,106,217,0.672,2025,323
335,TB,Total,5,77,246,0.762,2025,323
336,TB,Total,6,94,229,0.709,2025,323
337,TB,Total,7,77,246,0.762,2025,323
338,TB,Total,8,81,242,0.749,2025,323
339,TB,Total,9,52,186,0.782,2025,238
663,TEX,Home,1,43,119,0.735,2025,162
664,TEX,Home,2,48,114,0.704,2025,162
665,TEX,Home,3,41,121,0.747,2025,162
666,TEX,Home,4,42,120,0.741,2025,162
667,TEX,Home,5,41,121,0.747,2025,162
668,TEX,Home,6,41,121,0.747,2025,162
669,TEX,Home,7,31,131,0.809,2025,162
670,TEX,Home,8,39,123,0.759,2025,162
671,TEX,Home,9,16,68,0.81,2025,84
675,TEX,Road,1,46,115,0.714,2025,161
676,TEX,Road,2,37,124,0.77,2025,161
677,TEX,Road,3,56,105,0.652,2025,161
678,TEX,Road,4,42,119,0.739,2025,161
679,TEX,Road,5,48,113,0.702,2025,161
680,TEX,Road,6,43,118,0.733,2025,161
681,TEX,Road,7,39,122,0.758,2025,161
682,TEX,Road,8,41,120,0.745,2025,161
683,TEX,Road,9,37,124,0.77,2025,161
344,TEX,Total,1,89,234,0.724,2025,323
345,TEX,Total,2,85,238,0.737,2025,323
346,TEX,Total,3,97,226,0.7,2025,323
347,TEX,Total,4,84,239,0.74,2025,323
348,TEX,Total,5,89,234,0.724,2025,323
349,TEX,Total,6,84,239,0.74,2025,323
350,TEX,Total,7,70,253,0.783,2025,323
351,TEX,Total,8,80,243,0.752,2025,323
352,TEX,Total,9,53,192,0.784,2025,245
686,TOR,Home,1,45,116,0.72,2025,161
687,TOR,Home,2,29,132,0.82,2025,161
688,TOR,Home,3,45,116,0.72,2025,161
689,TOR,Home,4,37,124,0.77,2025,161
690,TOR,Home,5,55,106,0.658,2025,161
691,TOR,Home,6,57,104,0.646,2025,161
692,TOR,Home,7,49,112,0.696,2025,161
693,TOR,Home,8,50,111,0.689,2025,161
694,TOR,Home,9,17,62,0.785,2025,79
698,TOR,Road,1,40,122,0.753,2025,162
699,TOR,Road,2,36,126,0.778,2025,162
700,TOR,Road,3,46,116,0.716,2025,162
701,TOR,Road,4,40,122,0.753,2025,162
702,TOR,Road,5,41,121,0.747,2025,162
703,TOR,Road,6,45,117,0.722,2025,162
704,TOR,Road,7,40,122,0.753,2025,162
705,TOR,Road,8,43,118,0.733,2025,161
706,TOR,Road,9,37,124,0.77,2025,161
356,TOR,Total,1,85,238,0.737,2025,323
357,TOR,Total,2,65,258,0.799,2025,323
358,TOR,Total,3,91,232,0.718,2025,323
359,TOR,Total,4,77,246,0.762,2025,323
360,TOR,Total,5,96,227,0.703,2025,323
361,TOR,Total,6,102,221,0.684,2025,323
362,TOR,Total,7,89,234,0.724,2025,323
363,TOR,Total,8,93,229,0.711,2025,322
364,TOR,Total,9,54,186,0.775,2025,240
710,WSH,Home,1,51,110,0.683,2025,161
711,WSH,Home,2,42,119,0.739,2025,161
712,WSH,Home,3,48,113,0.702,2025,161
713,WSH,Home,4,44,117,0.727,2025,161
714,WSH,Home,5,43,118,0.733,2025,161
715,WSH,Home,6,38,123,0.764,2025,161
716,WSH,Home,7,44,117,0.727,2025,161
717,WSH,Home,8,46,115,0.714,2025,161
718,WSH,Home,9,19,79,0.806,2025,98
722,WSH,Road,1,42,120,0.741,2025,162
723,WSH,Road,2,36,126,0.778,2025,162
724,WSH,Road,3,36,126,0.778,2025,162
725,WSH,Road,4,51,111,0.685,2025,162
726,WSH,Road,5,42,120,0.741,2025,162
727,WSH,Road,6,56,106,0.654,2025,162
728,WSH,Road,7,45,117,0.722,2025,162
729,WSH,Road,8,34,128,0.79,2025,162
730,WSH,Road,9,45,117,0.722,2025,162
368,WSH,Total,1,93,230,0.712,2025,323
369,WSH,Total,2,78,245,0.759,2025,323
370,WSH,Total,3,84,239,0.74,2025,323
371,WSH,Total,4,95,228,0.706,2025,323
372,WSH,Total,5,85,238,0.737,2025,323
373,WSH,Total,6,94,229,0.709,2025,323
374,WSH,Total,7,89,234,0.724,2025,323
375,WSH,Total,8,80,243,0.752,2025,323
376,WSH,Total,9,64,196,0.754,2025,260
