,BatterTeam,Split,IsF3,YRA,NRA,NRA%,Year,Apps
1,ARI,Home,1,108,54,0.333,2025,162
3,ARI,Road,1,88,74,0.457,2025,162
1,ARI,Total,1,196,128,0.395,2025,324
5,ATH,Home,1,54,27,0.333,2025,81
7,ATH,Road,1,42,39,0.481,2025,81
3,ATH,Total,1,96,66,0.407,2025,162
9,ATL,Home,1,101,60,0.373,2025,161
11,ATL,Road,1,84,78,0.481,2025,162
5,ATL,Total,1,185,138,0.427,2025,323
13,BAL,Home,1,96,66,0.407,2025,162
15,BAL,Road,1,98,63,0.391,2025,161
7,BAL,Total,1,194,129,0.399,2025,323
17,BOS,Home,1,103,59,0.364,2025,162
19,BOS,Road,1,94,68,0.42,2025,162
9,BOS,Total,1,197,127,0.392,2025,324
21,CHC,Home,1,114,48,0.296,2025,162
23,CHC,Road,1,90,72,0.444,2025,162
11,CHC,Total,1,204,120,0.37,2025,324
25,CIN,Home,1,93,69,0.426,2025,162
27,CIN,Road,1,92,70,0.432,2025,162
13,CIN,Total,1,185,139,0.429,2025,324
29,CLE,Home,1,97,65,0.401,2025,162
31,CLE,Road,1,90,72,0.444,2025,162
15,CLE,Total,1,187,137,0.423,2025,324
33,COL,Home,1,113,49,0.302,2025,162
35,COL,Road,1,74,88,0.543,2025,162
17,COL,Total,1,187,137,0.423,2025,324
37,CWS,Home,1,100,62,0.383,2025,162
39,CWS,Road,1,97,65,0.401,2025,162
19,CWS,Total,1,197,127,0.392,2025,324
41,DET,Home,1,103,59,0.364,2025,162
43,DET,Road,1,98,64,0.395,2025,162
21,DET,Total,1,201,123,0.38,2025,324
45,HOU,Home,1,102,60,0.37,2025,162
47,HOU,Road,1,100,62,0.383,2025,162
23,HOU,Total,1,202,122,0.377,2025,324
49,KC,Home,1,97,65,0.401,2025,162
51,KC,Road,1,86,76,0.469,2025,162
25,KC,Total,1,183,141,0.435,2025,324
53,LAA,Home,1,103,59,0.364,2025,162
55,LAA,Road,1,96,66,0.407,2025,162
27,LAA,Total,1,199,125,0.386,2025,324
57,LAD,Home,1,110,52,0.321,2025,162
59,LAD,Road,1,105,57,0.352,2025,162
29,LAD,Total,1,215,109,0.336,2025,324
61,MIA,Home,1,99,63,0.389,2025,162
63,MIA,Road,1,88,74,0.457,2025,162
31,MIA,Total,1,187,137,0.423,2025,324
65,MIL,Home,1,106,56,0.346,2025,162
67,MIL,Road,1,102,60,0.37,2025,162
33,MIL,Total,1,208,116,0.358,2025,324
69,MIN,Home,1,108,54,0.333,2025,162
71,MIN,Road,1,92,70,0.432,2025,162
35,MIN,Total,1,200,124,0.383,2025,324
73,NYM,Home,1,97,65,0.401,2025,162
75,NYM,Road,1,107,55,0.34,2025,162
37,NYM,Total,1,204,120,0.37,2025,324
77,NYY,Home,1,100,61,0.379,2025,161
79,NYY,Road,1,99,63,0.389,2025,162
39,NYY,Total,1,199,124,0.384,2025,323
81,OAK,Home,1,53,28,0.346,2025,81
83,OAK,Road,1,43,38,0.469,2025,81
41,OAK,Total,1,96,66,0.407,2025,162
85,PHI,Home,1,106,56,0.346,2025,162
87,PHI,Road,1,89,73,0.451,2025,162
43,PHI,Total,1,195,129,0.398,2025,324
89,PIT,Home,1,103,59,0.364,2025,162
91,PIT,Road,1,84,78,0.481,2025,162
45,PIT,Total,1,187,137,0.423,2025,324
93,SD,Home,1,99,63,0.389,2025,162
95,SD,Road,1,94,68,0.42,2025,162
47,SD,Total,1,193,131,0.404,2025,324
97,SEA,Home,1,99,63,0.389,2025,162
99,SEA,Road,1,105,57,0.352,2025,162
49,SEA,Total,1,204,120,0.37,2025,324
101,SF,Home,1,94,68,0.42,2025,162
103,SF,Road,1,97,64,0.398,2025,161
51,SF,Total,1,191,132,0.409,2025,323
105,STL,Home,1,97,65,0.401,2025,162
107,STL,Road,1,88,74,0.457,2025,162
53,STL,Total,1,185,139,0.429,2025,324
109,TB,Home,1,102,60,0.37,2025,162
111,TB,Road,1,99,63,0.389,2025,162
55,TB,Total,1,201,123,0.38,2025,324
113,TEX,Home,1,100,62,0.383,2025,162
115,TEX,Road,1,104,58,0.358,2025,162
57,TEX,Total,1,204,120,0.37,2025,324
117,TOR,Home,1,88,74,0.457,2025,162
119,TOR,Road,1,91,71,0.438,2025,162
59,TOR,Total,1,179,145,0.448,2025,324
121,WSH,Home,1,102,60,0.37,2025,162
123,WSH,Road,1,92,70,0.432,2025,162
61,WSH,Total,1,194,130,0.401,2025,324
